{
    "Acceleration": 5,
    "CreationTime": "20231130T164314",
    "DoNotShowWindowOnFinish": false,
    "Events": [
        {
            "Delta": 0,
            "EventType": "MouseDown",
            "Timestamp": 717,
            "X": 11.829999923706055,
            "Y": 36.33000183105469
        },
        {
            "Delta": 0,
            "EventType": "MouseMove",
            "Timestamp": 736,
            "X": 12.020000457763672,
            "Y": 36.33000183105469
        },
        {
            "Delta": 0,
            "EventType": "MouseMove",
            "Timestamp": 761,
            "X": 12.199999809265137,
            "Y": 36.33000183105469
        },
        {
            "Delta": 0,
            "EventType": "MouseMove",
            "Timestamp": 788,
            "X": 12.380000114440918,
            "Y": 36.43000030517578
        },
        {
            "Delta": 0,
            "EventType": "MouseMove",
            "Timestamp": 796,
            "X": 12.5600004196167,
            "Y": 36.43000030517578
        },
        {
            "Delta": 0,
            "EventType": "MouseMove",
            "Timestamp": 805,
            "X": 12.75,
            "Y": 36.43000030517578
        },
        {
            "Delta": 0,
            "EventType": "MouseMove",
            "Timestamp": 813,
            "X": 13.289999961853027,
            "Y": 36.43000030517578
        },
        {
            "Delta": 0,
            "EventType": "MouseMove",
            "Timestamp": 821,
            "X": 14.020000457763672,
            "Y": 36.43000030517578
        },
        {
            "Delta": 0,
            "EventType": "MouseMove",
            "Timestamp": 829,
            "X": 14.380000114440918,
            "Y": 36.43000030517578
        },
        {
            "Delta": 0,
            "EventType": "MouseMove",
            "Timestamp": 836,
            "X": 14.930000305175781,
            "Y": 36.43000030517578
        },
        {
            "Delta": 0,
            "EventType": "MouseMove",
            "Timestamp": 844,
            "X": 16.389999389648438,
            "Y": 36.43000030517578
        },
        {
            "Delta": 0,
            "EventType": "MouseMove",
            "Timestamp": 852,
            "X": 17.299999237060547,
            "Y": 36.43000030517578
        },
        {
            "Delta": 0,
            "EventType": "MouseMove",
            "Timestamp": 861,
            "X": 19.1200008392334,
            "Y": 36.43000030517578
        },
        {
            "Delta": 0,
            "EventType": "MouseMove",
            "Timestamp": 869,
            "X": 20.399999618530273,
            "Y": 36.43000030517578
        },
        {
            "Delta": 0,
            "EventType": "MouseMove",
            "Timestamp": 877,
            "X": 21.309999465942383,
            "Y": 36.43000030517578
        },
        {
            "Delta": 0,
            "EventType": "MouseMove",
            "Timestamp": 885,
            "X": 22.219999313354492,
            "Y": 36.43000030517578
        },
        {
            "Delta": 0,
            "EventType": "MouseMove",
            "Timestamp": 893,
            "X": 22.950000762939453,
            "Y": 36.43000030517578
        },
        {
            "Delta": 0,
            "EventType": "MouseMove",
            "Timestamp": 901,
            "X": 23.670000076293945,
            "Y": 36.43000030517578
        },
        {
            "Delta": 0,
            "EventType": "MouseMove",
            "Timestamp": 909,
            "X": 24.040000915527344,
            "Y": 36.43000030517578
        },
        {
            "Delta": 0,
            "EventType": "MouseMove",
            "Timestamp": 916,
            "X": 24.59000015258789,
            "Y": 36.43000030517578
        },
        {
            "Delta": 0,
            "EventType": "MouseMove",
            "Timestamp": 925,
            "X": 24.770000457763672,
            "Y": 36.43000030517578
        },
        {
            "Delta": 0,
            "EventType": "MouseMove",
            "Timestamp": 933,
            "X": 25.309999465942383,
            "Y": 36.43000030517578
        },
        {
            "Delta": 0,
            "EventType": "MouseMove",
            "Timestamp": 941,
            "X": 25.860000610351562,
            "Y": 36.540000915527344
        },
        {
            "Delta": 0,
            "EventType": "MouseMove",
            "Timestamp": 949,
            "X": 26.219999313354492,
            "Y": 36.540000915527344
        },
        {
            "Delta": 0,
            "EventType": "MouseMove",
            "Timestamp": 965,
            "X": 26.40999984741211,
            "Y": 36.540000915527344
        },
        {
            "Delta": 0,
            "EventType": "MouseMove",
            "Timestamp": 973,
            "X": 26.59000015258789,
            "Y": 36.540000915527344
        },
        {
            "Delta": 0,
            "EventType": "MouseMove",
            "Timestamp": 981,
            "X": 26.950000762939453,
            "Y": 36.540000915527344
        },
        {
            "Delta": 0,
            "EventType": "MouseMove",
            "Timestamp": 989,
            "X": 27.5,
            "Y": 36.540000915527344
        },
        {
            "Delta": 0,
            "EventType": "MouseMove",
            "Timestamp": 997,
            "X": 27.68000030517578,
            "Y": 36.540000915527344
        },
        {
            "Delta": 0,
            "EventType": "MouseMove",
            "Timestamp": 1005,
            "X": 28.229999542236328,
            "Y": 36.540000915527344
        },
        {
            "Delta": 0,
            "EventType": "MouseMove",
            "Timestamp": 1012,
            "X": 28.770000457763672,
            "Y": 36.540000915527344
        },
        {
            "Delta": 0,
            "EventType": "MouseMove",
            "Timestamp": 1021,
            "X": 29.139999389648438,
            "Y": 36.540000915527344
        },
        {
            "Delta": 0,
            "EventType": "MouseMove",
            "Timestamp": 1030,
            "X": 29.690000534057617,
            "Y": 36.540000915527344
        },
        {
            "Delta": 0,
            "EventType": "MouseMove",
            "Timestamp": 1037,
            "X": 30.229999542236328,
            "Y": 36.540000915527344
        },
        {
            "Delta": 0,
            "EventType": "MouseMove",
            "Timestamp": 1053,
            "X": 30.40999984741211,
            "Y": 36.540000915527344
        },
        {
            "Delta": 0,
            "EventType": "MouseMove",
            "Timestamp": 1060,
            "X": 30.600000381469727,
            "Y": 36.540000915527344
        },
        {
            "Delta": 0,
            "EventType": "MouseMove",
            "Timestamp": 1085,
            "X": 30.780000686645508,
            "Y": 36.540000915527344
        },
        {
            "Delta": 0,
            "EventType": "MouseMove",
            "Timestamp": 1101,
            "X": 30.959999084472656,
            "Y": 36.540000915527344
        },
        {
            "Delta": 0,
            "EventType": "MouseMove",
            "Timestamp": 1117,
            "X": 31.139999389648438,
            "Y": 36.540000915527344
        },
        {
            "Delta": 0,
            "EventType": "MouseMove",
            "Timestamp": 1140,
            "X": 31.31999969482422,
            "Y": 36.540000915527344
        },
        {
            "Delta": 0,
            "EventType": "MouseUp",
            "Timestamp": 1198,
            "X": 31.31999969482422,
            "Y": 36.540000915527344
        }
    ],
    "LoopDuration": 0,
    "LoopInterval": 0,
    "LoopIterations": 1,
    "LoopType": "TillLoopNumber",
    "MacroSchemaVersion": 3,
    "MergeConfigurations": [
    ],
    "RestartPlayer": false,
    "RestartPlayerAfterMinutes": 60,
    "Shortcut": "B",
    "StopOnHomeScreen": false
}
