{
    "Acceleration": 5,
    "CreationTime": "20231130T164430",
    "DoNotShowWindowOnFinish": false,
    "Events": [
        {
            "Delta": 0,
            "EventType": "MouseDown",
            "Timestamp": 584,
            "X": 29.31999969482422,
            "Y": 36.540000915527344
        },
        {
            "Delta": 0,
            "EventType": "MouseMove",
            "Timestamp": 599,
            "X": 29.690000534057617,
            "Y": 36.540000915527344
        },
        {
            "Delta": 0,
            "EventType": "MouseMove",
            "Timestamp": 608,
            "X": 30.049999237060547,
            "Y": 36.63999938964844
        },
        {
            "Delta": 0,
            "EventType": "MouseMove",
            "Timestamp": 615,
            "X": 30.40999984741211,
            "Y": 36.63999938964844
        },
        {
            "Delta": 0,
            "EventType": "MouseMove",
            "Timestamp": 623,
            "X": 30.780000686645508,
            "Y": 36.7400016784668
        },
        {
            "Delta": 0,
            "EventType": "MouseMove",
            "Timestamp": 631,
            "X": 31.31999969482422,
            "Y": 36.7400016784668
        },
        {
            "Delta": 0,
            "EventType": "MouseMove",
            "Timestamp": 639,
            "X": 31.8700008392334,
            "Y": 36.84000015258789
        },
        {
            "Delta": 0,
            "EventType": "MouseMove",
            "Timestamp": 647,
            "X": 32.41999816894531,
            "Y": 36.84000015258789
        },
        {
            "Delta": 0,
            "EventType": "MouseMove",
            "Timestamp": 655,
            "X": 33.5099983215332,
            "Y": 36.84000015258789
        },
        {
            "Delta": 0,
            "EventType": "MouseMove",
            "Timestamp": 663,
            "X": 34.599998474121094,
            "Y": 36.939998626708984
        },
        {
            "Delta": 0,
            "EventType": "MouseMove",
            "Timestamp": 671,
            "X": 35.5099983215332,
            "Y": 36.939998626708984
        },
        {
            "Delta": 0,
            "EventType": "MouseMove",
            "Timestamp": 680,
            "X": 36.2400016784668,
            "Y": 36.939998626708984
        },
        {
            "Delta": 0,
            "EventType": "MouseMove",
            "Timestamp": 687,
            "X": 37.52000045776367,
            "Y": 36.939998626708984
        },
        {
            "Delta": 0,
            "EventType": "MouseMove",
            "Timestamp": 696,
            "X": 39.15999984741211,
            "Y": 37.04999923706055
        },
        {
            "Delta": 0,
            "EventType": "MouseMove",
            "Timestamp": 704,
            "X": 40.97999954223633,
            "Y": 37.150001525878906
        },
        {
            "Delta": 0,
            "EventType": "MouseMove",
            "Timestamp": 712,
            "X": 42.619998931884766,
            "Y": 37.25
        },
        {
            "Delta": 0,
            "EventType": "MouseMove",
            "Timestamp": 719,
            "X": 44.08000183105469,
            "Y": 37.459999084472656
        },
        {
            "Delta": 0,
            "EventType": "MouseMove",
            "Timestamp": 727,
            "X": 45.349998474121094,
            "Y": 37.560001373291016
        },
        {
            "Delta": 0,
            "EventType": "MouseMove",
            "Timestamp": 735,
            "X": 45.900001525878906,
            "Y": 37.65999984741211
        },
        {
            "Delta": 0,
            "EventType": "MouseMove",
            "Timestamp": 744,
            "X": 46.439998626708984,
            "Y": 37.65999984741211
        },
        {
            "Delta": 0,
            "EventType": "MouseMove",
            "Timestamp": 752,
            "X": 46.810001373291016,
            "Y": 37.7599983215332
        },
        {
            "Delta": 0,
            "EventType": "MouseMove",
            "Timestamp": 768,
            "X": 46.9900016784668,
            "Y": 37.7599983215332
        },
        {
            "Delta": 0,
            "EventType": "MouseMove",
            "Timestamp": 784,
            "X": 47.16999816894531,
            "Y": 37.7599983215332
        },
        {
            "Delta": 0,
            "EventType": "MouseMove",
            "Timestamp": 832,
            "X": 47.349998474121094,
            "Y": 37.7599983215332
        },
        {
            "Delta": 0,
            "EventType": "MouseMove",
            "Timestamp": 840,
            "X": 47.720001220703125,
            "Y": 37.7599983215332
        },
        {
            "Delta": 0,
            "EventType": "MouseMove",
            "Timestamp": 848,
            "X": 47.900001525878906,
            "Y": 37.7599983215332
        },
        {
            "Delta": 0,
            "EventType": "MouseMove",
            "Timestamp": 856,
            "X": 48.45000076293945,
            "Y": 37.7599983215332
        },
        {
            "Delta": 0,
            "EventType": "MouseMove",
            "Timestamp": 864,
            "X": 48.630001068115234,
            "Y": 37.7599983215332
        },
        {
            "Delta": 0,
            "EventType": "MouseMove",
            "Timestamp": 896,
            "X": 48.810001373291016,
            "Y": 37.7599983215332
        },
        {
            "Delta": 0,
            "EventType": "MouseUp",
            "Timestamp": 930,
            "X": 48.810001373291016,
            "Y": 37.7599983215332
        }
    ],
    "LoopDuration": 0,
    "LoopInterval": 0,
    "LoopIterations": 1,
    "LoopType": "TillLoopNumber",
    "MacroSchemaVersion": 3,
    "MergeConfigurations": [
    ],
    "RestartPlayer": false,
    "RestartPlayerAfterMinutes": 60,
    "Shortcut": "E",
    "StopOnHomeScreen": false
}
