{
    "Acceleration": 5,
    "CreationTime": "20231130T165021",
    "DoNotShowWindowOnFinish": false,
    "Events": [
        {
            "Delta": 0,
            "EventType": "MouseDown",
            "Timestamp": 414,
            "X": 81.2300033569336,
            "Y": 37.150001525878906
        },
        {
            "Delta": 0,
            "EventType": "MouseMove",
            "Timestamp": 449,
            "X": 81.05000305175781,
            "Y": 37.349998474121094
        },
        {
            "Delta": 0,
            "EventType": "MouseMove",
            "Timestamp": 458,
            "X": 80.51000213623047,
            "Y": 37.970001220703125
        },
        {
            "Delta": 0,
            "EventType": "MouseMove",
            "Timestamp": 465,
            "X": 80.13999938964844,
            "Y": 38.58000183105469
        },
        {
            "Delta": 0,
            "EventType": "MouseMove",
            "Timestamp": 473,
            "X": 79.95999908447266,
            "Y": 38.88999938964844
        },
        {
            "Delta": 0,
            "EventType": "MouseMove",
            "Timestamp": 481,
            "X": 79.77999877929688,
            "Y": 39.61000061035156
        },
        {
            "Delta": 0,
            "EventType": "MouseMove",
            "Timestamp": 489,
            "X": 79.58999633789062,
            "Y": 40.220001220703125
        },
        {
            "Delta": 0,
            "EventType": "MouseMove",
            "Timestamp": 497,
            "X": 79.41000366210938,
            "Y": 40.630001068115234
        },
        {
            "Delta": 0,
            "EventType": "MouseMove",
            "Timestamp": 506,
            "X": 79.2300033569336,
            "Y": 40.83000183105469
        },
        {
            "Delta": 0,
            "EventType": "MouseMove",
            "Timestamp": 513,
            "X": 79.2300033569336,
            "Y": 41.13999938964844
        },
        {
            "Delta": 0,
            "EventType": "MouseMove",
            "Timestamp": 521,
            "X": 79.2300033569336,
            "Y": 41.349998474121094
        },
        {
            "Delta": 0,
            "EventType": "MouseMove",
            "Timestamp": 529,
            "X": 79.2300033569336,
            "Y": 41.54999923706055
        },
        {
            "Delta": 0,
            "EventType": "MouseMove",
            "Timestamp": 537,
            "X": 79.2300033569336,
            "Y": 41.7599983215332
        },
        {
            "Delta": 0,
            "EventType": "MouseMove",
            "Timestamp": 545,
            "X": 79.2300033569336,
            "Y": 42.060001373291016
        },
        {
            "Delta": 0,
            "EventType": "MouseMove",
            "Timestamp": 553,
            "X": 79.2300033569336,
            "Y": 42.15999984741211
        },
        {
            "Delta": 0,
            "EventType": "MouseMove",
            "Timestamp": 561,
            "X": 79.2300033569336,
            "Y": 42.470001220703125
        },
        {
            "Delta": 0,
            "EventType": "MouseMove",
            "Timestamp": 569,
            "X": 79.41000366210938,
            "Y": 42.779998779296875
        },
        {
            "Delta": 0,
            "EventType": "MouseMove",
            "Timestamp": 577,
            "X": 79.41000366210938,
            "Y": 42.880001068115234
        },
        {
            "Delta": 0,
            "EventType": "MouseMove",
            "Timestamp": 585,
            "X": 79.41000366210938,
            "Y": 43.189998626708984
        },
        {
            "Delta": 0,
            "EventType": "MouseMove",
            "Timestamp": 593,
            "X": 79.58999633789062,
            "Y": 43.38999938964844
        },
        {
            "Delta": 0,
            "EventType": "MouseMove",
            "Timestamp": 609,
            "X": 79.58999633789062,
            "Y": 43.599998474121094
        },
        {
            "Delta": 0,
            "EventType": "MouseMove",
            "Timestamp": 617,
            "X": 79.58999633789062,
            "Y": 43.70000076293945
        },
        {
            "Delta": 0,
            "EventType": "MouseMove",
            "Timestamp": 633,
            "X": 79.58999633789062,
            "Y": 43.79999923706055
        },
        {
            "Delta": 0,
            "EventType": "MouseMove",
            "Timestamp": 641,
            "X": 79.58999633789062,
            "Y": 43.900001525878906
        },
        {
            "Delta": 0,
            "EventType": "MouseMove",
            "Timestamp": 649,
            "X": 79.77999877929688,
            "Y": 44.0099983215332
        },
        {
            "Delta": 0,
            "EventType": "MouseMove",
            "Timestamp": 657,
            "X": 79.77999877929688,
            "Y": 44.209999084472656
        },
        {
            "Delta": 0,
            "EventType": "MouseMove",
            "Timestamp": 665,
            "X": 79.77999877929688,
            "Y": 44.310001373291016
        },
        {
            "Delta": 0,
            "EventType": "MouseMove",
            "Timestamp": 673,
            "X": 79.77999877929688,
            "Y": 44.52000045776367
        },
        {
            "Delta": 0,
            "EventType": "MouseMove",
            "Timestamp": 681,
            "X": 79.77999877929688,
            "Y": 44.83000183105469
        },
        {
            "Delta": 0,
            "EventType": "MouseMove",
            "Timestamp": 690,
            "X": 79.77999877929688,
            "Y": 45.029998779296875
        },
        {
            "Delta": 0,
            "EventType": "MouseMove",
            "Timestamp": 697,
            "X": 79.77999877929688,
            "Y": 45.439998626708984
        },
        {
            "Delta": 0,
            "EventType": "MouseMove",
            "Timestamp": 705,
            "X": 79.77999877929688,
            "Y": 45.75
        },
        {
            "Delta": 0,
            "EventType": "MouseMove",
            "Timestamp": 714,
            "X": 79.77999877929688,
            "Y": 46.04999923706055
        },
        {
            "Delta": 0,
            "EventType": "MouseMove",
            "Timestamp": 722,
            "X": 79.95999908447266,
            "Y": 46.15999984741211
        },
        {
            "Delta": 0,
            "EventType": "MouseMove",
            "Timestamp": 745,
            "X": 79.95999908447266,
            "Y": 46.2599983215332
        },
        {
            "Delta": 0,
            "EventType": "MouseMove",
            "Timestamp": 810,
            "X": 79.95999908447266,
            "Y": 46.459999084472656
        },
        {
            "Delta": 0,
            "EventType": "MouseMove",
            "Timestamp": 818,
            "X": 79.95999908447266,
            "Y": 46.56999969482422
        },
        {
            "Delta": 0,
            "EventType": "MouseMove",
            "Timestamp": 825,
            "X": 80.13999938964844,
            "Y": 46.77000045776367
        },
        {
            "Delta": 0,
            "EventType": "MouseMove",
            "Timestamp": 833,
            "X": 80.13999938964844,
            "Y": 46.869998931884766
        },
        {
            "Delta": 0,
            "EventType": "MouseMove",
            "Timestamp": 841,
            "X": 80.31999969482422,
            "Y": 47.08000183105469
        },
        {
            "Delta": 0,
            "EventType": "MouseMove",
            "Timestamp": 858,
            "X": 80.31999969482422,
            "Y": 47.18000030517578
        },
        {
            "Delta": 0,
            "EventType": "MouseMove",
            "Timestamp": 889,
            "X": 80.51000213623047,
            "Y": 47.18000030517578
        },
        {
            "Delta": 0,
            "EventType": "MouseMove",
            "Timestamp": 905,
            "X": 80.69000244140625,
            "Y": 47.18000030517578
        },
        {
            "Delta": 0,
            "EventType": "MouseMove",
            "Timestamp": 914,
            "X": 80.87000274658203,
            "Y": 47.18000030517578
        },
        {
            "Delta": 0,
            "EventType": "MouseUp",
            "Timestamp": 914,
            "X": 80.87000274658203,
            "Y": 47.18000030517578
        }
    ],
    "LoopDuration": 0,
    "LoopInterval": 0,
    "LoopIterations": 1,
    "LoopType": "TillLoopNumber",
    "MacroSchemaVersion": 3,
    "MergeConfigurations": [
    ],
    "RestartPlayer": false,
    "RestartPlayerAfterMinutes": 60,
    "Shortcut": "M",
    "StopOnHomeScreen": false
}
