{
    "Acceleration": 5,
    "CreationTime": "20231130T171046",
    "DoNotShowWindowOnFinish": false,
    "Events": [
        {
            "Delta": 0,
            "EventType": "MouseDown",
            "Timestamp": 486,
            "X": 81.77999877929688,
            "Y": 46.77000045776367
        },
        {
            "Delta": 0,
            "EventType": "MouseMove",
            "Timestamp": 494,
            "X": 81.77999877929688,
            "Y": 46.66999816894531
        },
        {
            "Delta": 0,
            "EventType": "MouseMove",
            "Timestamp": 510,
            "X": 81.5999984741211,
            "Y": 46.56999969482422
        },
        {
            "Delta": 0,
            "EventType": "MouseMove",
            "Timestamp": 518,
            "X": 81.5999984741211,
            "Y": 46.36000061035156
        },
        {
            "Delta": 0,
            "EventType": "MouseMove",
            "Timestamp": 526,
            "X": 81.41999816894531,
            "Y": 46.2599983215332
        },
        {
            "Delta": 0,
            "EventType": "MouseMove",
            "Timestamp": 534,
            "X": 81.41999816894531,
            "Y": 46.15999984741211
        },
        {
            "Delta": 0,
            "EventType": "MouseMove",
            "Timestamp": 542,
            "X": 81.41999816894531,
            "Y": 46.04999923706055
        },
        {
            "Delta": 0,
            "EventType": "MouseMove",
            "Timestamp": 550,
            "X": 81.2300033569336,
            "Y": 45.75
        },
        {
            "Delta": 0,
            "EventType": "MouseMove",
            "Timestamp": 566,
            "X": 81.2300033569336,
            "Y": 45.540000915527344
        },
        {
            "Delta": 0,
            "EventType": "MouseMove",
            "Timestamp": 574,
            "X": 81.2300033569336,
            "Y": 45.34000015258789
        },
        {
            "Delta": 0,
            "EventType": "MouseMove",
            "Timestamp": 582,
            "X": 81.05000305175781,
            "Y": 45.029998779296875
        },
        {
            "Delta": 0,
            "EventType": "MouseMove",
            "Timestamp": 590,
            "X": 81.05000305175781,
            "Y": 44.720001220703125
        },
        {
            "Delta": 0,
            "EventType": "MouseMove",
            "Timestamp": 598,
            "X": 81.05000305175781,
            "Y": 44.52000045776367
        },
        {
            "Delta": 0,
            "EventType": "MouseMove",
            "Timestamp": 606,
            "X": 80.87000274658203,
            "Y": 44.310001373291016
        },
        {
            "Delta": 0,
            "EventType": "MouseMove",
            "Timestamp": 614,
            "X": 80.87000274658203,
            "Y": 44.0099983215332
        },
        {
            "Delta": 0,
            "EventType": "MouseMove",
            "Timestamp": 623,
            "X": 80.87000274658203,
            "Y": 43.79999923706055
        },
        {
            "Delta": 0,
            "EventType": "MouseMove",
            "Timestamp": 630,
            "X": 80.87000274658203,
            "Y": 43.5
        },
        {
            "Delta": 0,
            "EventType": "MouseMove",
            "Timestamp": 638,
            "X": 80.87000274658203,
            "Y": 43.290000915527344
        },
        {
            "Delta": 0,
            "EventType": "MouseMove",
            "Timestamp": 646,
            "X": 80.87000274658203,
            "Y": 42.880001068115234
        },
        {
            "Delta": 0,
            "EventType": "MouseMove",
            "Timestamp": 653,
            "X": 80.87000274658203,
            "Y": 42.56999969482422
        },
        {
            "Delta": 0,
            "EventType": "MouseMove",
            "Timestamp": 661,
            "X": 80.87000274658203,
            "Y": 42.27000045776367
        },
        {
            "Delta": 0,
            "EventType": "MouseMove",
            "Timestamp": 669,
            "X": 80.87000274658203,
            "Y": 41.86000061035156
        },
        {
            "Delta": 0,
            "EventType": "MouseMove",
            "Timestamp": 678,
            "X": 80.87000274658203,
            "Y": 41.54999923706055
        },
        {
            "Delta": 0,
            "EventType": "MouseMove",
            "Timestamp": 685,
            "X": 81.05000305175781,
            "Y": 41.2400016784668
        },
        {
            "Delta": 0,
            "EventType": "MouseMove",
            "Timestamp": 693,
            "X": 81.05000305175781,
            "Y": 40.939998626708984
        },
        {
            "Delta": 0,
            "EventType": "MouseMove",
            "Timestamp": 701,
            "X": 81.2300033569336,
            "Y": 40.72999954223633
        },
        {
            "Delta": 0,
            "EventType": "MouseMove",
            "Timestamp": 709,
            "X": 81.2300033569336,
            "Y": 40.41999816894531
        },
        {
            "Delta": 0,
            "EventType": "MouseMove",
            "Timestamp": 717,
            "X": 81.2300033569336,
            "Y": 40.119998931884766
        },
        {
            "Delta": 0,
            "EventType": "MouseMove",
            "Timestamp": 725,
            "X": 81.41999816894531,
            "Y": 39.90999984741211
        },
        {
            "Delta": 0,
            "EventType": "MouseMove",
            "Timestamp": 733,
            "X": 81.41999816894531,
            "Y": 39.61000061035156
        },
        {
            "Delta": 0,
            "EventType": "MouseMove",
            "Timestamp": 741,
            "X": 81.41999816894531,
            "Y": 39.400001525878906
        },
        {
            "Delta": 0,
            "EventType": "MouseMove",
            "Timestamp": 749,
            "X": 81.41999816894531,
            "Y": 39.20000076293945
        },
        {
            "Delta": 0,
            "EventType": "MouseMove",
            "Timestamp": 758,
            "X": 81.41999816894531,
            "Y": 38.9900016784668
        },
        {
            "Delta": 0,
            "EventType": "MouseMove",
            "Timestamp": 766,
            "X": 81.41999816894531,
            "Y": 38.790000915527344
        },
        {
            "Delta": 0,
            "EventType": "MouseMove",
            "Timestamp": 774,
            "X": 81.41999816894531,
            "Y": 38.58000183105469
        },
        {
            "Delta": 0,
            "EventType": "MouseMove",
            "Timestamp": 782,
            "X": 81.41999816894531,
            "Y": 38.47999954223633
        },
        {
            "Delta": 0,
            "EventType": "MouseMove",
            "Timestamp": 790,
            "X": 81.41999816894531,
            "Y": 38.380001068115234
        },
        {
            "Delta": 0,
            "EventType": "MouseMove",
            "Timestamp": 798,
            "X": 81.41999816894531,
            "Y": 38.16999816894531
        },
        {
            "Delta": 0,
            "EventType": "MouseMove",
            "Timestamp": 806,
            "X": 81.41999816894531,
            "Y": 38.06999969482422
        },
        {
            "Delta": 0,
            "EventType": "MouseMove",
            "Timestamp": 814,
            "X": 81.41999816894531,
            "Y": 37.970001220703125
        },
        {
            "Delta": 0,
            "EventType": "MouseMove",
            "Timestamp": 822,
            "X": 81.41999816894531,
            "Y": 37.869998931884766
        },
        {
            "Delta": 0,
            "EventType": "MouseMove",
            "Timestamp": 830,
            "X": 81.41999816894531,
            "Y": 37.7599983215332
        },
        {
            "Delta": 0,
            "EventType": "MouseMove",
            "Timestamp": 838,
            "X": 81.41999816894531,
            "Y": 37.65999984741211
        },
        {
            "Delta": 0,
            "EventType": "MouseMove",
            "Timestamp": 854,
            "X": 81.41999816894531,
            "Y": 37.560001373291016
        },
        {
            "Delta": 0,
            "EventType": "MouseMove",
            "Timestamp": 869,
            "X": 81.2300033569336,
            "Y": 37.459999084472656
        },
        {
            "Delta": 0,
            "EventType": "MouseMove",
            "Timestamp": 877,
            "X": 81.2300033569336,
            "Y": 37.349998474121094
        },
        {
            "Delta": 0,
            "EventType": "MouseMove",
            "Timestamp": 886,
            "X": 81.2300033569336,
            "Y": 37.25
        },
        {
            "Delta": 0,
            "EventType": "MouseMove",
            "Timestamp": 902,
            "X": 81.2300033569336,
            "Y": 37.150001525878906
        },
        {
            "Delta": 0,
            "EventType": "MouseMove",
            "Timestamp": 918,
            "X": 81.05000305175781,
            "Y": 37.04999923706055
        },
        {
            "Delta": 0,
            "EventType": "MouseMove",
            "Timestamp": 926,
            "X": 81.05000305175781,
            "Y": 36.939998626708984
        },
        {
            "Delta": 0,
            "EventType": "MouseMove",
            "Timestamp": 934,
            "X": 81.05000305175781,
            "Y": 36.84000015258789
        },
        {
            "Delta": 0,
            "EventType": "MouseMove",
            "Timestamp": 942,
            "X": 81.05000305175781,
            "Y": 36.7400016784668
        },
        {
            "Delta": 0,
            "EventType": "MouseMove",
            "Timestamp": 950,
            "X": 81.05000305175781,
            "Y": 36.63999938964844
        },
        {
            "Delta": 0,
            "EventType": "MouseMove",
            "Timestamp": 958,
            "X": 80.87000274658203,
            "Y": 36.540000915527344
        },
        {
            "Delta": 0,
            "EventType": "MouseMove",
            "Timestamp": 966,
            "X": 80.69000244140625,
            "Y": 36.33000183105469
        },
        {
            "Delta": 0,
            "EventType": "MouseMove",
            "Timestamp": 974,
            "X": 80.69000244140625,
            "Y": 36.22999954223633
        },
        {
            "Delta": 0,
            "EventType": "MouseUp",
            "Timestamp": 975,
            "X": 80.69000244140625,
            "Y": 36.22999954223633
        }
    ],
    "LoopDuration": 0,
    "LoopInterval": 0,
    "LoopIterations": 1,
    "LoopType": "TillLoopNumber",
    "MacroSchemaVersion": 3,
    "MergeConfigurations": [
    ],
    "RestartPlayer": false,
    "RestartPlayerAfterMinutes": 60,
    "Shortcut": "5",
    "StopOnHomeScreen": false
}
