{
    "Acceleration": 5,
    "CreationTime": "20231130T170744",
    "DoNotShowWindowOnFinish": false,
    "Events": [
        {
            "Delta": 0,
            "EventType": "MouseDown",
            "Timestamp": 500,
            "X": 63.380001068115234,
            "Y": 46.56999969482422
        },
        {
            "Delta": 0,
            "EventType": "MouseMove",
            "Timestamp": 507,
            "X": 63.20000076293945,
            "Y": 46.56999969482422
        },
        {
            "Delta": 0,
            "EventType": "MouseMove",
            "Timestamp": 515,
            "X": 63.02000045776367,
            "Y": 46.459999084472656
        },
        {
            "Delta": 0,
            "EventType": "MouseMove",
            "Timestamp": 524,
            "X": 62.84000015258789,
            "Y": 46.459999084472656
        },
        {
            "Delta": 0,
            "EventType": "MouseMove",
            "Timestamp": 531,
            "X": 62.470001220703125,
            "Y": 46.36000061035156
        },
        {
            "Delta": 0,
            "EventType": "MouseMove",
            "Timestamp": 539,
            "X": 62.290000915527344,
            "Y": 46.2599983215332
        },
        {
            "Delta": 0,
            "EventType": "MouseMove",
            "Timestamp": 547,
            "X": 61.7400016784668,
            "Y": 46.2599983215332
        },
        {
            "Delta": 0,
            "EventType": "MouseMove",
            "Timestamp": 555,
            "X": 61.20000076293945,
            "Y": 46.15999984741211
        },
        {
            "Delta": 0,
            "EventType": "MouseMove",
            "Timestamp": 563,
            "X": 60.83000183105469,
            "Y": 46.15999984741211
        },
        {
            "Delta": 0,
            "EventType": "MouseMove",
            "Timestamp": 571,
            "X": 60.290000915527344,
            "Y": 46.15999984741211
        },
        {
            "Delta": 0,
            "EventType": "MouseMove",
            "Timestamp": 580,
            "X": 59.7400016784668,
            "Y": 46.04999923706055
        },
        {
            "Delta": 0,
            "EventType": "MouseMove",
            "Timestamp": 588,
            "X": 59.189998626708984,
            "Y": 46.04999923706055
        },
        {
            "Delta": 0,
            "EventType": "MouseMove",
            "Timestamp": 596,
            "X": 58.459999084472656,
            "Y": 46.04999923706055
        },
        {
            "Delta": 0,
            "EventType": "MouseMove",
            "Timestamp": 603,
            "X": 57.54999923706055,
            "Y": 46.04999923706055
        },
        {
            "Delta": 0,
            "EventType": "MouseMove",
            "Timestamp": 611,
            "X": 56.83000183105469,
            "Y": 46.04999923706055
        },
        {
            "Delta": 0,
            "EventType": "MouseMove",
            "Timestamp": 619,
            "X": 56.099998474121094,
            "Y": 46.04999923706055
        },
        {
            "Delta": 0,
            "EventType": "MouseMove",
            "Timestamp": 628,
            "X": 55.369998931884766,
            "Y": 46.04999923706055
        },
        {
            "Delta": 0,
            "EventType": "MouseMove",
            "Timestamp": 635,
            "X": 54.63999938964844,
            "Y": 45.95000076293945
        },
        {
            "Delta": 0,
            "EventType": "MouseMove",
            "Timestamp": 643,
            "X": 54.09000015258789,
            "Y": 45.95000076293945
        },
        {
            "Delta": 0,
            "EventType": "MouseMove",
            "Timestamp": 652,
            "X": 53.54999923706055,
            "Y": 45.95000076293945
        },
        {
            "Delta": 0,
            "EventType": "MouseMove",
            "Timestamp": 659,
            "X": 52.81999969482422,
            "Y": 45.95000076293945
        },
        {
            "Delta": 0,
            "EventType": "MouseMove",
            "Timestamp": 667,
            "X": 52.45000076293945,
            "Y": 45.95000076293945
        },
        {
            "Delta": 0,
            "EventType": "MouseMove",
            "Timestamp": 675,
            "X": 51.90999984741211,
            "Y": 45.95000076293945
        },
        {
            "Delta": 0,
            "EventType": "MouseMove",
            "Timestamp": 683,
            "X": 51.36000061035156,
            "Y": 45.95000076293945
        },
        {
            "Delta": 0,
            "EventType": "MouseMove",
            "Timestamp": 691,
            "X": 51,
            "Y": 45.95000076293945
        },
        {
            "Delta": 0,
            "EventType": "MouseMove",
            "Timestamp": 699,
            "X": 50.630001068115234,
            "Y": 45.95000076293945
        },
        {
            "Delta": 0,
            "EventType": "MouseMove",
            "Timestamp": 707,
            "X": 50.27000045776367,
            "Y": 45.95000076293945
        },
        {
            "Delta": 0,
            "EventType": "MouseMove",
            "Timestamp": 715,
            "X": 49.900001525878906,
            "Y": 45.95000076293945
        },
        {
            "Delta": 0,
            "EventType": "MouseMove",
            "Timestamp": 724,
            "X": 49.36000061035156,
            "Y": 45.95000076293945
        },
        {
            "Delta": 0,
            "EventType": "MouseMove",
            "Timestamp": 731,
            "X": 48.9900016784668,
            "Y": 45.95000076293945
        },
        {
            "Delta": 0,
            "EventType": "MouseMove",
            "Timestamp": 740,
            "X": 48.810001373291016,
            "Y": 45.95000076293945
        },
        {
            "Delta": 0,
            "EventType": "MouseMove",
            "Timestamp": 748,
            "X": 48.45000076293945,
            "Y": 45.95000076293945
        },
        {
            "Delta": 0,
            "EventType": "MouseMove",
            "Timestamp": 756,
            "X": 48.2599983215332,
            "Y": 45.95000076293945
        },
        {
            "Delta": 0,
            "EventType": "MouseMove",
            "Timestamp": 772,
            "X": 48.08000183105469,
            "Y": 45.95000076293945
        },
        {
            "Delta": 0,
            "EventType": "MouseMove",
            "Timestamp": 795,
            "X": 47.900001525878906,
            "Y": 45.95000076293945
        },
        {
            "Delta": 0,
            "EventType": "MouseMove",
            "Timestamp": 811,
            "X": 47.720001220703125,
            "Y": 45.95000076293945
        },
        {
            "Delta": 0,
            "EventType": "MouseMove",
            "Timestamp": 828,
            "X": 47.540000915527344,
            "Y": 45.95000076293945
        },
        {
            "Delta": 0,
            "EventType": "MouseMove",
            "Timestamp": 835,
            "X": 47.349998474121094,
            "Y": 45.95000076293945
        },
        {
            "Delta": 0,
            "EventType": "MouseMove",
            "Timestamp": 851,
            "X": 47.16999816894531,
            "Y": 45.95000076293945
        },
        {
            "Delta": 0,
            "EventType": "MouseMove",
            "Timestamp": 868,
            "X": 47.16999816894531,
            "Y": 45.849998474121094
        },
        {
            "Delta": 0,
            "EventType": "MouseMove",
            "Timestamp": 891,
            "X": 46.9900016784668,
            "Y": 45.849998474121094
        },
        {
            "Delta": 0,
            "EventType": "MouseMove",
            "Timestamp": 916,
            "X": 46.810001373291016,
            "Y": 45.849998474121094
        },
        {
            "Delta": 0,
            "EventType": "MouseMove",
            "Timestamp": 947,
            "X": 46.630001068115234,
            "Y": 45.849998474121094
        },
        {
            "Delta": 0,
            "EventType": "MouseUp",
            "Timestamp": 948,
            "X": 46.630001068115234,
            "Y": 45.849998474121094
        }
    ],
    "LoopDuration": 0,
    "LoopInterval": 0,
    "LoopIterations": 1,
    "LoopType": "TillLoopNumber",
    "MacroSchemaVersion": 3,
    "MergeConfigurations": [
    ],
    "RestartPlayer": false,
    "RestartPlayerAfterMinutes": 60,
    "Shortcut": "Z",
    "StopOnHomeScreen": false
}
