{
    "Acceleration": 5,
    "CreationTime": "20231130T172651",
    "DoNotShowWindowOnFinish": false,
    "Events": [
        {
            "Delta": 0,
            "EventType": "MouseDown",
            "Timestamp": 777,
            "X": 63.20000076293945,
            "Y": 75.73999786376953
        },
        {
            "Delta": 0,
            "EventType": "MouseMove",
            "Timestamp": 868,
            "X": 63.56999969482422,
            "Y": 75.73999786376953
        },
        {
            "Delta": 0,
            "EventType": "MouseMove",
            "Timestamp": 876,
            "X": 63.75,
            "Y": 75.73999786376953
        },
        {
            "Delta": 0,
            "EventType": "MouseMove",
            "Timestamp": 884,
            "X": 64.11000061035156,
            "Y": 75.73999786376953
        },
        {
            "Delta": 0,
            "EventType": "MouseMove",
            "Timestamp": 892,
            "X": 64.83999633789062,
            "Y": 75.73999786376953
        },
        {
            "Delta": 0,
            "EventType": "MouseMove",
            "Timestamp": 900,
            "X": 65.38999938964844,
            "Y": 75.73999786376953
        },
        {
            "Delta": 0,
            "EventType": "MouseMove",
            "Timestamp": 908,
            "X": 65.56999969482422,
            "Y": 75.73999786376953
        },
        {
            "Delta": 0,
            "EventType": "MouseMove",
            "Timestamp": 916,
            "X": 65.93000030517578,
            "Y": 75.52999877929688
        },
        {
            "Delta": 0,
            "EventType": "MouseMove",
            "Timestamp": 925,
            "X": 66.12000274658203,
            "Y": 75.52999877929688
        },
        {
            "Delta": 0,
            "EventType": "MouseMove",
            "Timestamp": 933,
            "X": 66.66000366210938,
            "Y": 75.52999877929688
        },
        {
            "Delta": 0,
            "EventType": "MouseMove",
            "Timestamp": 941,
            "X": 66.83999633789062,
            "Y": 75.52999877929688
        },
        {
            "Delta": 0,
            "EventType": "MouseMove",
            "Timestamp": 949,
            "X": 67.20999908447266,
            "Y": 75.52999877929688
        },
        {
            "Delta": 0,
            "EventType": "MouseMove",
            "Timestamp": 957,
            "X": 67.38999938964844,
            "Y": 75.52999877929688
        },
        {
            "Delta": 0,
            "EventType": "MouseMove",
            "Timestamp": 964,
            "X": 68.12000274658203,
            "Y": 75.52999877929688
        },
        {
            "Delta": 0,
            "EventType": "MouseMove",
            "Timestamp": 972,
            "X": 68.4800033569336,
            "Y": 75.52999877929688
        },
        {
            "Delta": 0,
            "EventType": "MouseMove",
            "Timestamp": 980,
            "X": 69.20999908447266,
            "Y": 75.52999877929688
        },
        {
            "Delta": 0,
            "EventType": "MouseMove",
            "Timestamp": 988,
            "X": 69.58000183105469,
            "Y": 75.52999877929688
        },
        {
            "Delta": 0,
            "EventType": "MouseMove",
            "Timestamp": 997,
            "X": 69.76000213623047,
            "Y": 75.52999877929688
        },
        {
            "Delta": 0,
            "EventType": "MouseMove",
            "Timestamp": 1004,
            "X": 70.30000305175781,
            "Y": 75.52999877929688
        },
        {
            "Delta": 0,
            "EventType": "MouseMove",
            "Timestamp": 1012,
            "X": 70.48999786376953,
            "Y": 75.52999877929688
        },
        {
            "Delta": 0,
            "EventType": "MouseMove",
            "Timestamp": 1020,
            "X": 70.66999816894531,
            "Y": 75.52999877929688
        },
        {
            "Delta": 0,
            "EventType": "MouseMove",
            "Timestamp": 1028,
            "X": 70.8499984741211,
            "Y": 75.52999877929688
        },
        {
            "Delta": 0,
            "EventType": "MouseMove",
            "Timestamp": 1036,
            "X": 71.02999877929688,
            "Y": 75.52999877929688
        },
        {
            "Delta": 0,
            "EventType": "MouseMove",
            "Timestamp": 1052,
            "X": 71.22000122070312,
            "Y": 75.52999877929688
        },
        {
            "Delta": 0,
            "EventType": "MouseMove",
            "Timestamp": 1061,
            "X": 71.4000015258789,
            "Y": 75.52999877929688
        },
        {
            "Delta": 0,
            "EventType": "MouseMove",
            "Timestamp": 1068,
            "X": 71.58000183105469,
            "Y": 75.52999877929688
        },
        {
            "Delta": 0,
            "EventType": "MouseMove",
            "Timestamp": 1076,
            "X": 71.94000244140625,
            "Y": 75.52999877929688
        },
        {
            "Delta": 0,
            "EventType": "MouseMove",
            "Timestamp": 1084,
            "X": 72.12999725341797,
            "Y": 75.52999877929688
        },
        {
            "Delta": 0,
            "EventType": "MouseMove",
            "Timestamp": 1092,
            "X": 72.66999816894531,
            "Y": 75.43000030517578
        },
        {
            "Delta": 0,
            "EventType": "MouseMove",
            "Timestamp": 1100,
            "X": 72.8499984741211,
            "Y": 75.43000030517578
        },
        {
            "Delta": 0,
            "EventType": "MouseMove",
            "Timestamp": 1108,
            "X": 73.22000122070312,
            "Y": 75.43000030517578
        },
        {
            "Delta": 0,
            "EventType": "MouseMove",
            "Timestamp": 1116,
            "X": 73.7699966430664,
            "Y": 75.43000030517578
        },
        {
            "Delta": 0,
            "EventType": "MouseMove",
            "Timestamp": 1124,
            "X": 73.94999694824219,
            "Y": 75.43000030517578
        },
        {
            "Delta": 0,
            "EventType": "MouseMove",
            "Timestamp": 1133,
            "X": 74.30999755859375,
            "Y": 75.43000030517578
        },
        {
            "Delta": 0,
            "EventType": "MouseMove",
            "Timestamp": 1141,
            "X": 74.68000030517578,
            "Y": 75.43000030517578
        },
        {
            "Delta": 0,
            "EventType": "MouseMove",
            "Timestamp": 1149,
            "X": 74.86000061035156,
            "Y": 75.43000030517578
        },
        {
            "Delta": 0,
            "EventType": "MouseMove",
            "Timestamp": 1156,
            "X": 75.04000091552734,
            "Y": 75.33000183105469
        },
        {
            "Delta": 0,
            "EventType": "MouseMove",
            "Timestamp": 1165,
            "X": 75.4000015258789,
            "Y": 75.33000183105469
        },
        {
            "Delta": 0,
            "EventType": "MouseMove",
            "Timestamp": 1173,
            "X": 75.7699966430664,
            "Y": 75.33000183105469
        },
        {
            "Delta": 0,
            "EventType": "MouseMove",
            "Timestamp": 1180,
            "X": 76.12999725341797,
            "Y": 75.33000183105469
        },
        {
            "Delta": 0,
            "EventType": "MouseMove",
            "Timestamp": 1188,
            "X": 76.31999969482422,
            "Y": 75.33000183105469
        },
        {
            "Delta": 0,
            "EventType": "MouseMove",
            "Timestamp": 1196,
            "X": 76.86000061035156,
            "Y": 75.33000183105469
        },
        {
            "Delta": 0,
            "EventType": "MouseMove",
            "Timestamp": 1204,
            "X": 77.2300033569336,
            "Y": 75.33000183105469
        },
        {
            "Delta": 0,
            "EventType": "MouseMove",
            "Timestamp": 1213,
            "X": 77.41000366210938,
            "Y": 75.33000183105469
        },
        {
            "Delta": 0,
            "EventType": "MouseMove",
            "Timestamp": 1220,
            "X": 77.58999633789062,
            "Y": 75.33000183105469
        },
        {
            "Delta": 0,
            "EventType": "MouseMove",
            "Timestamp": 1229,
            "X": 77.7699966430664,
            "Y": 75.33000183105469
        },
        {
            "Delta": 0,
            "EventType": "MouseMove",
            "Timestamp": 1236,
            "X": 77.94999694824219,
            "Y": 75.33000183105469
        },
        {
            "Delta": 0,
            "EventType": "MouseMove",
            "Timestamp": 1252,
            "X": 78.13999938964844,
            "Y": 75.2300033569336
        },
        {
            "Delta": 0,
            "EventType": "MouseMove",
            "Timestamp": 1260,
            "X": 78.31999969482422,
            "Y": 75.2300033569336
        },
        {
            "Delta": 0,
            "EventType": "MouseMove",
            "Timestamp": 1268,
            "X": 78.5,
            "Y": 75.2300033569336
        },
        {
            "Delta": 0,
            "EventType": "MouseMove",
            "Timestamp": 1276,
            "X": 78.68000030517578,
            "Y": 75.2300033569336
        },
        {
            "Delta": 0,
            "EventType": "MouseMove",
            "Timestamp": 1300,
            "X": 79.05000305175781,
            "Y": 75.2300033569336
        },
        {
            "Delta": 0,
            "EventType": "MouseMove",
            "Timestamp": 1308,
            "X": 79.2300033569336,
            "Y": 75.2300033569336
        },
        {
            "Delta": 0,
            "EventType": "MouseMove",
            "Timestamp": 1316,
            "X": 79.41000366210938,
            "Y": 75.2300033569336
        },
        {
            "Delta": 0,
            "EventType": "MouseMove",
            "Timestamp": 1324,
            "X": 79.58999633789062,
            "Y": 75.2300033569336
        },
        {
            "Delta": 0,
            "EventType": "MouseMove",
            "Timestamp": 1340,
            "X": 79.77999877929688,
            "Y": 75.2300033569336
        },
        {
            "Delta": 0,
            "EventType": "MouseMove",
            "Timestamp": 1349,
            "X": 79.95999908447266,
            "Y": 75.2300033569336
        },
        {
            "Delta": 0,
            "EventType": "MouseMove",
            "Timestamp": 1357,
            "X": 80.13999938964844,
            "Y": 75.2300033569336
        },
        {
            "Delta": 0,
            "EventType": "MouseMove",
            "Timestamp": 1373,
            "X": 80.31999969482422,
            "Y": 75.2300033569336
        },
        {
            "Delta": 0,
            "EventType": "MouseMove",
            "Timestamp": 1380,
            "X": 80.31999969482422,
            "Y": 75.12000274658203
        },
        {
            "Delta": 0,
            "EventType": "MouseMove",
            "Timestamp": 1432,
            "X": 80.51000213623047,
            "Y": 75.12000274658203
        },
        {
            "Delta": 0,
            "EventType": "MouseMove",
            "Timestamp": 1460,
            "X": 80.69000244140625,
            "Y": 75.12000274658203
        },
        {
            "Delta": 0,
            "EventType": "MouseUp",
            "Timestamp": 1581,
            "X": 80.69000244140625,
            "Y": 75.12000274658203
        }
    ],
    "LoopDuration": 0,
    "LoopInterval": 0,
    "LoopIterations": 1,
    "LoopType": "TillLoopNumber",
    "MacroSchemaVersion": 3,
    "MergeConfigurations": [
    ],
    "RestartPlayer": false,
    "RestartPlayerAfterMinutes": 60,
    "Shortcut": "Alt + K",
    "StopOnHomeScreen": false
}
