{
    "Acceleration": 5,
    "CreationTime": "20231130T172354",
    "DoNotShowWindowOnFinish": false,
    "Events": [
        {
            "Delta": 0,
            "EventType": "MouseDown",
            "Timestamp": 571,
            "X": 30.229999542236328,
            "Y": 74.81999969482422
        },
        {
            "Delta": 0,
            "EventType": "MouseMove",
            "Timestamp": 654,
            "X": 30.40999984741211,
            "Y": 74.81999969482422
        },
        {
            "Delta": 0,
            "EventType": "MouseMove",
            "Timestamp": 662,
            "X": 30.600000381469727,
            "Y": 74.81999969482422
        },
        {
            "Delta": 0,
            "EventType": "MouseMove",
            "Timestamp": 671,
            "X": 31.139999389648438,
            "Y": 74.91999816894531
        },
        {
            "Delta": 0,
            "EventType": "MouseMove",
            "Timestamp": 679,
            "X": 31.510000228881836,
            "Y": 74.91999816894531
        },
        {
            "Delta": 0,
            "EventType": "MouseMove",
            "Timestamp": 687,
            "X": 32.04999923706055,
            "Y": 74.91999816894531
        },
        {
            "Delta": 0,
            "EventType": "MouseMove",
            "Timestamp": 695,
            "X": 32.41999816894531,
            "Y": 74.91999816894531
        },
        {
            "Delta": 0,
            "EventType": "MouseMove",
            "Timestamp": 703,
            "X": 32.599998474121094,
            "Y": 74.91999816894531
        },
        {
            "Delta": 0,
            "EventType": "MouseMove",
            "Timestamp": 711,
            "X": 33.33000183105469,
            "Y": 74.91999816894531
        },
        {
            "Delta": 0,
            "EventType": "MouseMove",
            "Timestamp": 720,
            "X": 33.689998626708984,
            "Y": 74.91999816894531
        },
        {
            "Delta": 0,
            "EventType": "MouseMove",
            "Timestamp": 727,
            "X": 34.41999816894531,
            "Y": 74.91999816894531
        },
        {
            "Delta": 0,
            "EventType": "MouseMove",
            "Timestamp": 735,
            "X": 34.790000915527344,
            "Y": 74.91999816894531
        },
        {
            "Delta": 0,
            "EventType": "MouseMove",
            "Timestamp": 743,
            "X": 35.5099983215332,
            "Y": 74.91999816894531
        },
        {
            "Delta": 0,
            "EventType": "MouseMove",
            "Timestamp": 751,
            "X": 36.41999816894531,
            "Y": 75.0199966430664
        },
        {
            "Delta": 0,
            "EventType": "MouseMove",
            "Timestamp": 759,
            "X": 37.150001525878906,
            "Y": 75.0199966430664
        },
        {
            "Delta": 0,
            "EventType": "MouseMove",
            "Timestamp": 767,
            "X": 37.880001068115234,
            "Y": 75.0199966430664
        },
        {
            "Delta": 0,
            "EventType": "MouseMove",
            "Timestamp": 775,
            "X": 38.61000061035156,
            "Y": 75.0199966430664
        },
        {
            "Delta": 0,
            "EventType": "MouseMove",
            "Timestamp": 783,
            "X": 38.970001220703125,
            "Y": 75.0199966430664
        },
        {
            "Delta": 0,
            "EventType": "MouseMove",
            "Timestamp": 791,
            "X": 39.70000076293945,
            "Y": 75.0199966430664
        },
        {
            "Delta": 0,
            "EventType": "MouseMove",
            "Timestamp": 799,
            "X": 40.06999969482422,
            "Y": 75.0199966430664
        },
        {
            "Delta": 0,
            "EventType": "MouseMove",
            "Timestamp": 807,
            "X": 40.61000061035156,
            "Y": 75.0199966430664
        },
        {
            "Delta": 0,
            "EventType": "MouseMove",
            "Timestamp": 815,
            "X": 40.79999923706055,
            "Y": 75.0199966430664
        },
        {
            "Delta": 0,
            "EventType": "MouseMove",
            "Timestamp": 823,
            "X": 40.97999954223633,
            "Y": 75.0199966430664
        },
        {
            "Delta": 0,
            "EventType": "MouseMove",
            "Timestamp": 831,
            "X": 41.34000015258789,
            "Y": 75.0199966430664
        },
        {
            "Delta": 0,
            "EventType": "MouseMove",
            "Timestamp": 839,
            "X": 41.88999938964844,
            "Y": 75.0199966430664
        },
        {
            "Delta": 0,
            "EventType": "MouseMove",
            "Timestamp": 847,
            "X": 42.06999969482422,
            "Y": 75.0199966430664
        },
        {
            "Delta": 0,
            "EventType": "MouseMove",
            "Timestamp": 855,
            "X": 42.25,
            "Y": 75.12000274658203
        },
        {
            "Delta": 0,
            "EventType": "MouseMove",
            "Timestamp": 871,
            "X": 42.439998626708984,
            "Y": 75.12000274658203
        },
        {
            "Delta": 0,
            "EventType": "MouseMove",
            "Timestamp": 895,
            "X": 42.619998931884766,
            "Y": 75.12000274658203
        },
        {
            "Delta": 0,
            "EventType": "MouseMove",
            "Timestamp": 903,
            "X": 42.79999923706055,
            "Y": 75.12000274658203
        },
        {
            "Delta": 0,
            "EventType": "MouseMove",
            "Timestamp": 911,
            "X": 42.97999954223633,
            "Y": 75.12000274658203
        },
        {
            "Delta": 0,
            "EventType": "MouseMove",
            "Timestamp": 919,
            "X": 43.15999984741211,
            "Y": 75.12000274658203
        },
        {
            "Delta": 0,
            "EventType": "MouseMove",
            "Timestamp": 927,
            "X": 43.349998474121094,
            "Y": 75.12000274658203
        },
        {
            "Delta": 0,
            "EventType": "MouseMove",
            "Timestamp": 935,
            "X": 43.529998779296875,
            "Y": 75.12000274658203
        },
        {
            "Delta": 0,
            "EventType": "MouseMove",
            "Timestamp": 943,
            "X": 43.88999938964844,
            "Y": 75.12000274658203
        },
        {
            "Delta": 0,
            "EventType": "MouseMove",
            "Timestamp": 951,
            "X": 44.2599983215332,
            "Y": 75.12000274658203
        },
        {
            "Delta": 0,
            "EventType": "MouseMove",
            "Timestamp": 959,
            "X": 44.439998626708984,
            "Y": 75.12000274658203
        },
        {
            "Delta": 0,
            "EventType": "MouseMove",
            "Timestamp": 967,
            "X": 44.619998931884766,
            "Y": 75.12000274658203
        },
        {
            "Delta": 0,
            "EventType": "MouseMove",
            "Timestamp": 975,
            "X": 44.9900016784668,
            "Y": 75.12000274658203
        },
        {
            "Delta": 0,
            "EventType": "MouseMove",
            "Timestamp": 991,
            "X": 45.349998474121094,
            "Y": 75.12000274658203
        },
        {
            "Delta": 0,
            "EventType": "MouseMove",
            "Timestamp": 1000,
            "X": 45.529998779296875,
            "Y": 75.12000274658203
        },
        {
            "Delta": 0,
            "EventType": "MouseMove",
            "Timestamp": 1007,
            "X": 46.08000183105469,
            "Y": 75.12000274658203
        },
        {
            "Delta": 0,
            "EventType": "MouseMove",
            "Timestamp": 1015,
            "X": 46.2599983215332,
            "Y": 75.12000274658203
        },
        {
            "Delta": 0,
            "EventType": "MouseMove",
            "Timestamp": 1023,
            "X": 46.439998626708984,
            "Y": 75.12000274658203
        },
        {
            "Delta": 0,
            "EventType": "MouseMove",
            "Timestamp": 1031,
            "X": 46.630001068115234,
            "Y": 75.12000274658203
        },
        {
            "Delta": 0,
            "EventType": "MouseMove",
            "Timestamp": 1039,
            "X": 46.810001373291016,
            "Y": 75.12000274658203
        },
        {
            "Delta": 0,
            "EventType": "MouseMove",
            "Timestamp": 1047,
            "X": 46.9900016784668,
            "Y": 75.12000274658203
        },
        {
            "Delta": 0,
            "EventType": "MouseMove",
            "Timestamp": 1063,
            "X": 47.16999816894531,
            "Y": 75.12000274658203
        },
        {
            "Delta": 0,
            "EventType": "MouseMove",
            "Timestamp": 1079,
            "X": 47.349998474121094,
            "Y": 75.12000274658203
        },
        {
            "Delta": 0,
            "EventType": "MouseMove",
            "Timestamp": 1086,
            "X": 47.540000915527344,
            "Y": 75.12000274658203
        },
        {
            "Delta": 0,
            "EventType": "MouseMove",
            "Timestamp": 1094,
            "X": 47.720001220703125,
            "Y": 75.12000274658203
        },
        {
            "Delta": 0,
            "EventType": "MouseMove",
            "Timestamp": 1102,
            "X": 47.900001525878906,
            "Y": 75.12000274658203
        },
        {
            "Delta": 0,
            "EventType": "MouseMove",
            "Timestamp": 1110,
            "X": 48.08000183105469,
            "Y": 75.2300033569336
        },
        {
            "Delta": 0,
            "EventType": "MouseMove",
            "Timestamp": 1118,
            "X": 48.2599983215332,
            "Y": 75.2300033569336
        },
        {
            "Delta": 0,
            "EventType": "MouseMove",
            "Timestamp": 1126,
            "X": 48.630001068115234,
            "Y": 75.2300033569336
        },
        {
            "Delta": 0,
            "EventType": "MouseMove",
            "Timestamp": 1135,
            "X": 48.810001373291016,
            "Y": 75.2300033569336
        },
        {
            "Delta": 0,
            "EventType": "MouseUp",
            "Timestamp": 1281,
            "X": 48.810001373291016,
            "Y": 75.2300033569336
        }
    ],
    "LoopDuration": 0,
    "LoopInterval": 0,
    "LoopIterations": 1,
    "LoopType": "TillLoopNumber",
    "MacroSchemaVersion": 3,
    "MergeConfigurations": [
    ],
    "RestartPlayer": false,
    "RestartPlayerAfterMinutes": 60,
    "Shortcut": "Alt + C",
    "StopOnHomeScreen": false
}
