{
    "Acceleration": 5,
    "CreationTime": "20231130T170819",
    "DoNotShowWindowOnFinish": false,
    "Events": [
        {
            "Delta": 0,
            "EventType": "MouseDown",
            "Timestamp": 788,
            "X": 65.38999938964844,
            "Y": 45.95000076293945
        },
        {
            "Delta": 0,
            "EventType": "MouseMove",
            "Timestamp": 804,
            "X": 65.19999694824219,
            "Y": 45.95000076293945
        },
        {
            "Delta": 0,
            "EventType": "MouseMove",
            "Timestamp": 829,
            "X": 65.19999694824219,
            "Y": 45.849998474121094
        },
        {
            "Delta": 0,
            "EventType": "MouseMove",
            "Timestamp": 845,
            "X": 65.0199966430664,
            "Y": 45.75
        },
        {
            "Delta": 0,
            "EventType": "MouseMove",
            "Timestamp": 853,
            "X": 65.0199966430664,
            "Y": 45.63999938964844
        },
        {
            "Delta": 0,
            "EventType": "MouseMove",
            "Timestamp": 869,
            "X": 65.0199966430664,
            "Y": 45.540000915527344
        },
        {
            "Delta": 0,
            "EventType": "MouseMove",
            "Timestamp": 876,
            "X": 65.0199966430664,
            "Y": 45.34000015258789
        },
        {
            "Delta": 0,
            "EventType": "MouseMove",
            "Timestamp": 885,
            "X": 64.83999633789062,
            "Y": 45.2400016784668
        },
        {
            "Delta": 0,
            "EventType": "MouseMove",
            "Timestamp": 893,
            "X": 64.83999633789062,
            "Y": 45.029998779296875
        },
        {
            "Delta": 0,
            "EventType": "MouseMove",
            "Timestamp": 901,
            "X": 64.83999633789062,
            "Y": 44.93000030517578
        },
        {
            "Delta": 0,
            "EventType": "MouseMove",
            "Timestamp": 909,
            "X": 64.83999633789062,
            "Y": 44.720001220703125
        },
        {
            "Delta": 0,
            "EventType": "MouseMove",
            "Timestamp": 917,
            "X": 64.83999633789062,
            "Y": 44.41999816894531
        },
        {
            "Delta": 0,
            "EventType": "MouseMove",
            "Timestamp": 924,
            "X": 64.83999633789062,
            "Y": 44.209999084472656
        },
        {
            "Delta": 0,
            "EventType": "MouseMove",
            "Timestamp": 932,
            "X": 64.66000366210938,
            "Y": 43.900001525878906
        },
        {
            "Delta": 0,
            "EventType": "MouseMove",
            "Timestamp": 940,
            "X": 64.66000366210938,
            "Y": 43.5
        },
        {
            "Delta": 0,
            "EventType": "MouseMove",
            "Timestamp": 948,
            "X": 64.66000366210938,
            "Y": 43.290000915527344
        },
        {
            "Delta": 0,
            "EventType": "MouseMove",
            "Timestamp": 956,
            "X": 64.66000366210938,
            "Y": 42.880001068115234
        },
        {
            "Delta": 0,
            "EventType": "MouseMove",
            "Timestamp": 964,
            "X": 64.66000366210938,
            "Y": 42.56999969482422
        },
        {
            "Delta": 0,
            "EventType": "MouseMove",
            "Timestamp": 972,
            "X": 64.66000366210938,
            "Y": 42.15999984741211
        },
        {
            "Delta": 0,
            "EventType": "MouseMove",
            "Timestamp": 981,
            "X": 64.66000366210938,
            "Y": 41.86000061035156
        },
        {
            "Delta": 0,
            "EventType": "MouseMove",
            "Timestamp": 988,
            "X": 64.66000366210938,
            "Y": 41.54999923706055
        },
        {
            "Delta": 0,
            "EventType": "MouseMove",
            "Timestamp": 997,
            "X": 64.66000366210938,
            "Y": 41.2400016784668
        },
        {
            "Delta": 0,
            "EventType": "MouseMove",
            "Timestamp": 1004,
            "X": 64.66000366210938,
            "Y": 41.040000915527344
        },
        {
            "Delta": 0,
            "EventType": "MouseMove",
            "Timestamp": 1012,
            "X": 64.66000366210938,
            "Y": 40.83000183105469
        },
        {
            "Delta": 0,
            "EventType": "MouseMove",
            "Timestamp": 1020,
            "X": 64.66000366210938,
            "Y": 40.630001068115234
        },
        {
            "Delta": 0,
            "EventType": "MouseMove",
            "Timestamp": 1029,
            "X": 64.66000366210938,
            "Y": 40.41999816894531
        },
        {
            "Delta": 0,
            "EventType": "MouseMove",
            "Timestamp": 1036,
            "X": 64.66000366210938,
            "Y": 40.31999969482422
        },
        {
            "Delta": 0,
            "EventType": "MouseMove",
            "Timestamp": 1045,
            "X": 64.66000366210938,
            "Y": 40.220001220703125
        },
        {
            "Delta": 0,
            "EventType": "MouseMove",
            "Timestamp": 1052,
            "X": 64.66000366210938,
            "Y": 40.119998931884766
        },
        {
            "Delta": 0,
            "EventType": "MouseMove",
            "Timestamp": 1061,
            "X": 64.66000366210938,
            "Y": 40.02000045776367
        },
        {
            "Delta": 0,
            "EventType": "MouseMove",
            "Timestamp": 1068,
            "X": 64.66000366210938,
            "Y": 39.90999984741211
        },
        {
            "Delta": 0,
            "EventType": "MouseMove",
            "Timestamp": 1076,
            "X": 64.66000366210938,
            "Y": 39.810001373291016
        },
        {
            "Delta": 0,
            "EventType": "MouseMove",
            "Timestamp": 1084,
            "X": 64.66000366210938,
            "Y": 39.709999084472656
        },
        {
            "Delta": 0,
            "EventType": "MouseMove",
            "Timestamp": 1092,
            "X": 64.66000366210938,
            "Y": 39.61000061035156
        },
        {
            "Delta": 0,
            "EventType": "MouseMove",
            "Timestamp": 1108,
            "X": 64.66000366210938,
            "Y": 39.5
        },
        {
            "Delta": 0,
            "EventType": "MouseMove",
            "Timestamp": 1116,
            "X": 64.66000366210938,
            "Y": 39.400001525878906
        },
        {
            "Delta": 0,
            "EventType": "MouseMove",
            "Timestamp": 1133,
            "X": 64.66000366210938,
            "Y": 39.29999923706055
        },
        {
            "Delta": 0,
            "EventType": "MouseMove",
            "Timestamp": 1140,
            "X": 64.66000366210938,
            "Y": 39.20000076293945
        },
        {
            "Delta": 0,
            "EventType": "MouseMove",
            "Timestamp": 1156,
            "X": 64.66000366210938,
            "Y": 39.09000015258789
        },
        {
            "Delta": 0,
            "EventType": "MouseMove",
            "Timestamp": 1164,
            "X": 64.66000366210938,
            "Y": 38.9900016784668
        },
        {
            "Delta": 0,
            "EventType": "MouseMove",
            "Timestamp": 1172,
            "X": 64.66000366210938,
            "Y": 38.88999938964844
        },
        {
            "Delta": 0,
            "EventType": "MouseMove",
            "Timestamp": 1180,
            "X": 64.66000366210938,
            "Y": 38.790000915527344
        },
        {
            "Delta": 0,
            "EventType": "MouseMove",
            "Timestamp": 1188,
            "X": 64.66000366210938,
            "Y": 38.68000030517578
        },
        {
            "Delta": 0,
            "EventType": "MouseMove",
            "Timestamp": 1196,
            "X": 64.66000366210938,
            "Y": 38.58000183105469
        },
        {
            "Delta": 0,
            "EventType": "MouseMove",
            "Timestamp": 1204,
            "X": 64.66000366210938,
            "Y": 38.47999954223633
        },
        {
            "Delta": 0,
            "EventType": "MouseMove",
            "Timestamp": 1213,
            "X": 64.66000366210938,
            "Y": 38.380001068115234
        },
        {
            "Delta": 0,
            "EventType": "MouseMove",
            "Timestamp": 1228,
            "X": 64.66000366210938,
            "Y": 38.279998779296875
        },
        {
            "Delta": 0,
            "EventType": "MouseMove",
            "Timestamp": 1236,
            "X": 64.4800033569336,
            "Y": 38.16999816894531
        },
        {
            "Delta": 0,
            "EventType": "MouseMove",
            "Timestamp": 1244,
            "X": 64.4800033569336,
            "Y": 38.06999969482422
        },
        {
            "Delta": 0,
            "EventType": "MouseMove",
            "Timestamp": 1260,
            "X": 64.4800033569336,
            "Y": 37.970001220703125
        },
        {
            "Delta": 0,
            "EventType": "MouseMove",
            "Timestamp": 1276,
            "X": 64.4800033569336,
            "Y": 37.869998931884766
        },
        {
            "Delta": 0,
            "EventType": "MouseMove",
            "Timestamp": 1292,
            "X": 64.4800033569336,
            "Y": 37.7599983215332
        },
        {
            "Delta": 0,
            "EventType": "MouseMove",
            "Timestamp": 1300,
            "X": 64.4800033569336,
            "Y": 37.65999984741211
        },
        {
            "Delta": 0,
            "EventType": "MouseMove",
            "Timestamp": 1316,
            "X": 64.29000091552734,
            "Y": 37.560001373291016
        },
        {
            "Delta": 0,
            "EventType": "MouseMove",
            "Timestamp": 1340,
            "X": 64.29000091552734,
            "Y": 37.459999084472656
        },
        {
            "Delta": 0,
            "EventType": "MouseMove",
            "Timestamp": 1357,
            "X": 64.29000091552734,
            "Y": 37.349998474121094
        },
        {
            "Delta": 0,
            "EventType": "MouseMove",
            "Timestamp": 1365,
            "X": 64.29000091552734,
            "Y": 37.25
        },
        {
            "Delta": 0,
            "EventType": "MouseUp",
            "Timestamp": 1365,
            "X": 64.29000091552734,
            "Y": 37.25
        }
    ],
    "LoopDuration": 0,
    "LoopInterval": 0,
    "LoopIterations": 1,
    "LoopType": "TillLoopNumber",
    "MacroSchemaVersion": 3,
    "MergeConfigurations": [
    ],
    "RestartPlayer": false,
    "RestartPlayerAfterMinutes": 60,
    "Shortcut": "2",
    "StopOnHomeScreen": false
}
