{
    "Acceleration": 5,
    "CreationTime": "20231130T170644",
    "DoNotShowWindowOnFinish": false,
    "Events": [
        {
            "Delta": 0,
            "EventType": "MouseDown",
            "Timestamp": 1417,
            "X": 47.900001525878906,
            "Y": 45.63999938964844
        },
        {
            "Delta": 0,
            "EventType": "MouseMove",
            "Timestamp": 1431,
            "X": 47.720001220703125,
            "Y": 45.63999938964844
        },
        {
            "Delta": 0,
            "EventType": "MouseMove",
            "Timestamp": 1456,
            "X": 47.720001220703125,
            "Y": 45.540000915527344
        },
        {
            "Delta": 0,
            "EventType": "MouseMove",
            "Timestamp": 1464,
            "X": 47.540000915527344,
            "Y": 45.439998626708984
        },
        {
            "Delta": 0,
            "EventType": "MouseMove",
            "Timestamp": 1472,
            "X": 47.540000915527344,
            "Y": 45.34000015258789
        },
        {
            "Delta": 0,
            "EventType": "MouseMove",
            "Timestamp": 1488,
            "X": 47.349998474121094,
            "Y": 45.2400016784668
        },
        {
            "Delta": 0,
            "EventType": "MouseMove",
            "Timestamp": 1496,
            "X": 47.349998474121094,
            "Y": 45.130001068115234
        },
        {
            "Delta": 0,
            "EventType": "MouseMove",
            "Timestamp": 1504,
            "X": 47.16999816894531,
            "Y": 44.93000030517578
        },
        {
            "Delta": 0,
            "EventType": "MouseMove",
            "Timestamp": 1512,
            "X": 47.16999816894531,
            "Y": 44.83000183105469
        },
        {
            "Delta": 0,
            "EventType": "MouseMove",
            "Timestamp": 1520,
            "X": 46.9900016784668,
            "Y": 44.619998931884766
        },
        {
            "Delta": 0,
            "EventType": "MouseMove",
            "Timestamp": 1528,
            "X": 46.9900016784668,
            "Y": 44.41999816894531
        },
        {
            "Delta": 0,
            "EventType": "MouseMove",
            "Timestamp": 1536,
            "X": 46.9900016784668,
            "Y": 44.209999084472656
        },
        {
            "Delta": 0,
            "EventType": "MouseMove",
            "Timestamp": 1544,
            "X": 46.9900016784668,
            "Y": 43.900001525878906
        },
        {
            "Delta": 0,
            "EventType": "MouseMove",
            "Timestamp": 1552,
            "X": 46.9900016784668,
            "Y": 43.70000076293945
        },
        {
            "Delta": 0,
            "EventType": "MouseMove",
            "Timestamp": 1560,
            "X": 46.9900016784668,
            "Y": 43.38999938964844
        },
        {
            "Delta": 0,
            "EventType": "MouseMove",
            "Timestamp": 1568,
            "X": 46.9900016784668,
            "Y": 43.189998626708984
        },
        {
            "Delta": 0,
            "EventType": "MouseMove",
            "Timestamp": 1576,
            "X": 46.9900016784668,
            "Y": 42.97999954223633
        },
        {
            "Delta": 0,
            "EventType": "MouseMove",
            "Timestamp": 1585,
            "X": 46.9900016784668,
            "Y": 42.779998779296875
        },
        {
            "Delta": 0,
            "EventType": "MouseMove",
            "Timestamp": 1592,
            "X": 46.9900016784668,
            "Y": 42.68000030517578
        },
        {
            "Delta": 0,
            "EventType": "MouseMove",
            "Timestamp": 1599,
            "X": 46.9900016784668,
            "Y": 42.470001220703125
        },
        {
            "Delta": 0,
            "EventType": "MouseMove",
            "Timestamp": 1608,
            "X": 47.16999816894531,
            "Y": 42.27000045776367
        },
        {
            "Delta": 0,
            "EventType": "MouseMove",
            "Timestamp": 1616,
            "X": 47.16999816894531,
            "Y": 42.15999984741211
        },
        {
            "Delta": 0,
            "EventType": "MouseMove",
            "Timestamp": 1624,
            "X": 47.16999816894531,
            "Y": 42.060001373291016
        },
        {
            "Delta": 0,
            "EventType": "MouseMove",
            "Timestamp": 1632,
            "X": 47.349998474121094,
            "Y": 41.86000061035156
        },
        {
            "Delta": 0,
            "EventType": "MouseMove",
            "Timestamp": 1640,
            "X": 47.349998474121094,
            "Y": 41.650001525878906
        },
        {
            "Delta": 0,
            "EventType": "MouseMove",
            "Timestamp": 1648,
            "X": 47.349998474121094,
            "Y": 41.54999923706055
        },
        {
            "Delta": 0,
            "EventType": "MouseMove",
            "Timestamp": 1656,
            "X": 47.349998474121094,
            "Y": 41.45000076293945
        },
        {
            "Delta": 0,
            "EventType": "MouseMove",
            "Timestamp": 1663,
            "X": 47.540000915527344,
            "Y": 41.2400016784668
        },
        {
            "Delta": 0,
            "EventType": "MouseMove",
            "Timestamp": 1671,
            "X": 47.540000915527344,
            "Y": 41.13999938964844
        },
        {
            "Delta": 0,
            "EventType": "MouseMove",
            "Timestamp": 1680,
            "X": 47.540000915527344,
            "Y": 41.040000915527344
        },
        {
            "Delta": 0,
            "EventType": "MouseMove",
            "Timestamp": 1688,
            "X": 47.540000915527344,
            "Y": 40.83000183105469
        },
        {
            "Delta": 0,
            "EventType": "MouseMove",
            "Timestamp": 1695,
            "X": 47.540000915527344,
            "Y": 40.72999954223633
        },
        {
            "Delta": 0,
            "EventType": "MouseMove",
            "Timestamp": 1704,
            "X": 47.540000915527344,
            "Y": 40.630001068115234
        },
        {
            "Delta": 0,
            "EventType": "MouseMove",
            "Timestamp": 1711,
            "X": 47.540000915527344,
            "Y": 40.41999816894531
        },
        {
            "Delta": 0,
            "EventType": "MouseMove",
            "Timestamp": 1719,
            "X": 47.540000915527344,
            "Y": 40.31999969482422
        },
        {
            "Delta": 0,
            "EventType": "MouseMove",
            "Timestamp": 1728,
            "X": 47.540000915527344,
            "Y": 40.220001220703125
        },
        {
            "Delta": 0,
            "EventType": "MouseMove",
            "Timestamp": 1736,
            "X": 47.720001220703125,
            "Y": 40.119998931884766
        },
        {
            "Delta": 0,
            "EventType": "MouseMove",
            "Timestamp": 1744,
            "X": 47.720001220703125,
            "Y": 40.02000045776367
        },
        {
            "Delta": 0,
            "EventType": "MouseMove",
            "Timestamp": 1752,
            "X": 47.720001220703125,
            "Y": 39.90999984741211
        },
        {
            "Delta": 0,
            "EventType": "MouseMove",
            "Timestamp": 1759,
            "X": 47.720001220703125,
            "Y": 39.709999084472656
        },
        {
            "Delta": 0,
            "EventType": "MouseMove",
            "Timestamp": 1768,
            "X": 47.720001220703125,
            "Y": 39.61000061035156
        },
        {
            "Delta": 0,
            "EventType": "MouseMove",
            "Timestamp": 1776,
            "X": 47.720001220703125,
            "Y": 39.400001525878906
        },
        {
            "Delta": 0,
            "EventType": "MouseMove",
            "Timestamp": 1784,
            "X": 47.720001220703125,
            "Y": 39.29999923706055
        },
        {
            "Delta": 0,
            "EventType": "MouseMove",
            "Timestamp": 1792,
            "X": 47.720001220703125,
            "Y": 39.20000076293945
        },
        {
            "Delta": 0,
            "EventType": "MouseMove",
            "Timestamp": 1799,
            "X": 47.720001220703125,
            "Y": 39.09000015258789
        },
        {
            "Delta": 0,
            "EventType": "MouseMove",
            "Timestamp": 1807,
            "X": 47.720001220703125,
            "Y": 38.88999938964844
        },
        {
            "Delta": 0,
            "EventType": "MouseMove",
            "Timestamp": 1815,
            "X": 47.720001220703125,
            "Y": 38.790000915527344
        },
        {
            "Delta": 0,
            "EventType": "MouseMove",
            "Timestamp": 1832,
            "X": 47.720001220703125,
            "Y": 38.68000030517578
        },
        {
            "Delta": 0,
            "EventType": "MouseMove",
            "Timestamp": 1840,
            "X": 47.720001220703125,
            "Y": 38.58000183105469
        },
        {
            "Delta": 0,
            "EventType": "MouseMove",
            "Timestamp": 1847,
            "X": 47.720001220703125,
            "Y": 38.47999954223633
        },
        {
            "Delta": 0,
            "EventType": "MouseMove",
            "Timestamp": 1863,
            "X": 47.720001220703125,
            "Y": 38.380001068115234
        },
        {
            "Delta": 0,
            "EventType": "MouseMove",
            "Timestamp": 1888,
            "X": 47.720001220703125,
            "Y": 38.279998779296875
        },
        {
            "Delta": 0,
            "EventType": "MouseMove",
            "Timestamp": 1944,
            "X": 47.720001220703125,
            "Y": 38.16999816894531
        },
        {
            "Delta": 0,
            "EventType": "MouseMove",
            "Timestamp": 1967,
            "X": 47.720001220703125,
            "Y": 38.06999969482422
        },
        {
            "Delta": 0,
            "EventType": "MouseMove",
            "Timestamp": 1992,
            "X": 47.720001220703125,
            "Y": 37.970001220703125
        },
        {
            "Delta": 0,
            "EventType": "MouseMove",
            "Timestamp": 2007,
            "X": 47.720001220703125,
            "Y": 37.869998931884766
        },
        {
            "Delta": 0,
            "EventType": "MouseMove",
            "Timestamp": 2024,
            "X": 47.720001220703125,
            "Y": 37.7599983215332
        },
        {
            "Delta": 0,
            "EventType": "MouseMove",
            "Timestamp": 2032,
            "X": 47.720001220703125,
            "Y": 37.65999984741211
        },
        {
            "Delta": 0,
            "EventType": "MouseMove",
            "Timestamp": 2047,
            "X": 47.900001525878906,
            "Y": 37.560001373291016
        },
        {
            "Delta": 0,
            "EventType": "MouseMove",
            "Timestamp": 2055,
            "X": 47.900001525878906,
            "Y": 37.459999084472656
        },
        {
            "Delta": 0,
            "EventType": "MouseMove",
            "Timestamp": 2064,
            "X": 47.900001525878906,
            "Y": 37.349998474121094
        },
        {
            "Delta": 0,
            "EventType": "MouseMove",
            "Timestamp": 2072,
            "X": 47.900001525878906,
            "Y": 37.25
        },
        {
            "Delta": 0,
            "EventType": "MouseMove",
            "Timestamp": 2088,
            "X": 47.900001525878906,
            "Y": 37.150001525878906
        },
        {
            "Delta": 0,
            "EventType": "MouseMove",
            "Timestamp": 2103,
            "X": 47.900001525878906,
            "Y": 37.04999923706055
        },
        {
            "Delta": 0,
            "EventType": "MouseMove",
            "Timestamp": 2172,
            "X": 47.900001525878906,
            "Y": 36.939998626708984
        },
        {
            "Delta": 0,
            "EventType": "MouseUp",
            "Timestamp": 2180,
            "X": 47.900001525878906,
            "Y": 36.939998626708984
        }
    ],
    "LoopDuration": 0,
    "LoopInterval": 0,
    "LoopIterations": 1,
    "LoopType": "TillLoopNumber",
    "MacroSchemaVersion": 3,
    "MergeConfigurations": [
    ],
    "RestartPlayer": false,
    "RestartPlayerAfterMinutes": 60,
    "Shortcut": "Y",
    "StopOnHomeScreen": false
}
