{
    "Acceleration": 5,
    "CreationTime": "20231130T173314",
    "DoNotShowWindowOnFinish": false,
    "Events": [
        {
            "Delta": 0,
            "EventType": "MouseDown",
            "Timestamp": 1032,
            "X": 64.4800033569336,
            "Y": 84.02999877929688
        },
        {
            "Delta": 0,
            "EventType": "MouseMove",
            "Timestamp": 1144,
            "X": 64.11000061035156,
            "Y": 84.02999877929688
        },
        {
            "Delta": 0,
            "EventType": "MouseMove",
            "Timestamp": 1152,
            "X": 63.93000030517578,
            "Y": 84.02999877929688
        },
        {
            "Delta": 0,
            "EventType": "MouseMove",
            "Timestamp": 1160,
            "X": 63.56999969482422,
            "Y": 84.02999877929688
        },
        {
            "Delta": 0,
            "EventType": "MouseMove",
            "Timestamp": 1168,
            "X": 63.380001068115234,
            "Y": 84.02999877929688
        },
        {
            "Delta": 0,
            "EventType": "MouseMove",
            "Timestamp": 1176,
            "X": 63.02000045776367,
            "Y": 84.02999877929688
        },
        {
            "Delta": 0,
            "EventType": "MouseMove",
            "Timestamp": 1184,
            "X": 62.470001220703125,
            "Y": 84.02999877929688
        },
        {
            "Delta": 0,
            "EventType": "MouseMove",
            "Timestamp": 1192,
            "X": 62.290000915527344,
            "Y": 84.02999877929688
        },
        {
            "Delta": 0,
            "EventType": "MouseMove",
            "Timestamp": 1200,
            "X": 61.93000030517578,
            "Y": 84.02999877929688
        },
        {
            "Delta": 0,
            "EventType": "MouseMove",
            "Timestamp": 1208,
            "X": 61.380001068115234,
            "Y": 84.02999877929688
        },
        {
            "Delta": 0,
            "EventType": "MouseMove",
            "Timestamp": 1216,
            "X": 61.02000045776367,
            "Y": 84.02999877929688
        },
        {
            "Delta": 0,
            "EventType": "MouseMove",
            "Timestamp": 1224,
            "X": 60.650001525878906,
            "Y": 84.02999877929688
        },
        {
            "Delta": 0,
            "EventType": "MouseMove",
            "Timestamp": 1232,
            "X": 59.91999816894531,
            "Y": 84.02999877929688
        },
        {
            "Delta": 0,
            "EventType": "MouseMove",
            "Timestamp": 1240,
            "X": 59.7400016784668,
            "Y": 84.02999877929688
        },
        {
            "Delta": 0,
            "EventType": "MouseMove",
            "Timestamp": 1248,
            "X": 59.189998626708984,
            "Y": 84.02999877929688
        },
        {
            "Delta": 0,
            "EventType": "MouseMove",
            "Timestamp": 1257,
            "X": 59.0099983215332,
            "Y": 84.02999877929688
        },
        {
            "Delta": 0,
            "EventType": "MouseMove",
            "Timestamp": 1264,
            "X": 58.650001525878906,
            "Y": 84.02999877929688
        },
        {
            "Delta": 0,
            "EventType": "MouseMove",
            "Timestamp": 1271,
            "X": 58.279998779296875,
            "Y": 84.02999877929688
        },
        {
            "Delta": 0,
            "EventType": "MouseMove",
            "Timestamp": 1281,
            "X": 57.7400016784668,
            "Y": 84.02999877929688
        },
        {
            "Delta": 0,
            "EventType": "MouseMove",
            "Timestamp": 1288,
            "X": 57.54999923706055,
            "Y": 84.02999877929688
        },
        {
            "Delta": 0,
            "EventType": "MouseMove",
            "Timestamp": 1295,
            "X": 57.189998626708984,
            "Y": 84.02999877929688
        },
        {
            "Delta": 0,
            "EventType": "MouseMove",
            "Timestamp": 1303,
            "X": 56.63999938964844,
            "Y": 84.02999877929688
        },
        {
            "Delta": 0,
            "EventType": "MouseMove",
            "Timestamp": 1311,
            "X": 56.459999084472656,
            "Y": 84.02999877929688
        },
        {
            "Delta": 0,
            "EventType": "MouseMove",
            "Timestamp": 1319,
            "X": 56.099998474121094,
            "Y": 84.02999877929688
        },
        {
            "Delta": 0,
            "EventType": "MouseMove",
            "Timestamp": 1328,
            "X": 55.90999984741211,
            "Y": 84.02999877929688
        },
        {
            "Delta": 0,
            "EventType": "MouseMove",
            "Timestamp": 1344,
            "X": 55.72999954223633,
            "Y": 84.02999877929688
        },
        {
            "Delta": 0,
            "EventType": "MouseMove",
            "Timestamp": 1353,
            "X": 55.54999923706055,
            "Y": 84.02999877929688
        },
        {
            "Delta": 0,
            "EventType": "MouseMove",
            "Timestamp": 1360,
            "X": 55.189998626708984,
            "Y": 84.02999877929688
        },
        {
            "Delta": 0,
            "EventType": "MouseMove",
            "Timestamp": 1368,
            "X": 54.63999938964844,
            "Y": 84.02999877929688
        },
        {
            "Delta": 0,
            "EventType": "MouseMove",
            "Timestamp": 1376,
            "X": 54.459999084472656,
            "Y": 84.02999877929688
        },
        {
            "Delta": 0,
            "EventType": "MouseMove",
            "Timestamp": 1383,
            "X": 54.279998779296875,
            "Y": 84.02999877929688
        },
        {
            "Delta": 0,
            "EventType": "MouseMove",
            "Timestamp": 1391,
            "X": 53.90999984741211,
            "Y": 84.02999877929688
        },
        {
            "Delta": 0,
            "EventType": "MouseMove",
            "Timestamp": 1399,
            "X": 53.72999954223633,
            "Y": 84.02999877929688
        },
        {
            "Delta": 0,
            "EventType": "MouseMove",
            "Timestamp": 1407,
            "X": 53.54999923706055,
            "Y": 84.02999877929688
        },
        {
            "Delta": 0,
            "EventType": "MouseMove",
            "Timestamp": 1415,
            "X": 53.36000061035156,
            "Y": 84.02999877929688
        },
        {
            "Delta": 0,
            "EventType": "MouseMove",
            "Timestamp": 1423,
            "X": 53.18000030517578,
            "Y": 84.02999877929688
        },
        {
            "Delta": 0,
            "EventType": "MouseMove",
            "Timestamp": 1439,
            "X": 52.81999969482422,
            "Y": 84.02999877929688
        },
        {
            "Delta": 0,
            "EventType": "MouseMove",
            "Timestamp": 1447,
            "X": 52.63999938964844,
            "Y": 84.02999877929688
        },
        {
            "Delta": 0,
            "EventType": "MouseMove",
            "Timestamp": 1456,
            "X": 52.45000076293945,
            "Y": 84.02999877929688
        },
        {
            "Delta": 0,
            "EventType": "MouseMove",
            "Timestamp": 1464,
            "X": 52.09000015258789,
            "Y": 84.02999877929688
        },
        {
            "Delta": 0,
            "EventType": "MouseMove",
            "Timestamp": 1472,
            "X": 51.90999984741211,
            "Y": 84.02999877929688
        },
        {
            "Delta": 0,
            "EventType": "MouseMove",
            "Timestamp": 1480,
            "X": 51.540000915527344,
            "Y": 84.02999877929688
        },
        {
            "Delta": 0,
            "EventType": "MouseMove",
            "Timestamp": 1488,
            "X": 51.36000061035156,
            "Y": 84.02999877929688
        },
        {
            "Delta": 0,
            "EventType": "MouseMove",
            "Timestamp": 1496,
            "X": 51.18000030517578,
            "Y": 84.02999877929688
        },
        {
            "Delta": 0,
            "EventType": "MouseMove",
            "Timestamp": 1503,
            "X": 51,
            "Y": 84.02999877929688
        },
        {
            "Delta": 0,
            "EventType": "MouseMove",
            "Timestamp": 1527,
            "X": 50.630001068115234,
            "Y": 84.02999877929688
        },
        {
            "Delta": 0,
            "EventType": "MouseMove",
            "Timestamp": 1544,
            "X": 50.45000076293945,
            "Y": 84.02999877929688
        },
        {
            "Delta": 0,
            "EventType": "MouseMove",
            "Timestamp": 1552,
            "X": 50.27000045776367,
            "Y": 84.02999877929688
        },
        {
            "Delta": 0,
            "EventType": "MouseMove",
            "Timestamp": 1560,
            "X": 50.09000015258789,
            "Y": 84.02999877929688
        },
        {
            "Delta": 0,
            "EventType": "MouseMove",
            "Timestamp": 1568,
            "X": 49.900001525878906,
            "Y": 84.02999877929688
        },
        {
            "Delta": 0,
            "EventType": "MouseMove",
            "Timestamp": 1576,
            "X": 49.720001220703125,
            "Y": 84.02999877929688
        },
        {
            "Delta": 0,
            "EventType": "MouseMove",
            "Timestamp": 1583,
            "X": 49.540000915527344,
            "Y": 84.02999877929688
        },
        {
            "Delta": 0,
            "EventType": "MouseMove",
            "Timestamp": 1591,
            "X": 49.36000061035156,
            "Y": 84.02999877929688
        },
        {
            "Delta": 0,
            "EventType": "MouseMove",
            "Timestamp": 1607,
            "X": 49.18000030517578,
            "Y": 84.02999877929688
        },
        {
            "Delta": 0,
            "EventType": "MouseMove",
            "Timestamp": 1616,
            "X": 48.9900016784668,
            "Y": 84.02999877929688
        },
        {
            "Delta": 0,
            "EventType": "MouseMove",
            "Timestamp": 1632,
            "X": 48.810001373291016,
            "Y": 84.02999877929688
        },
        {
            "Delta": 0,
            "EventType": "MouseMove",
            "Timestamp": 1640,
            "X": 48.630001068115234,
            "Y": 84.02999877929688
        },
        {
            "Delta": 0,
            "EventType": "MouseMove",
            "Timestamp": 1649,
            "X": 48.45000076293945,
            "Y": 84.02999877929688
        },
        {
            "Delta": 0,
            "EventType": "MouseMove",
            "Timestamp": 1664,
            "X": 48.2599983215332,
            "Y": 83.93000030517578
        },
        {
            "Delta": 0,
            "EventType": "MouseMove",
            "Timestamp": 1672,
            "X": 47.720001220703125,
            "Y": 83.93000030517578
        },
        {
            "Delta": 0,
            "EventType": "MouseMove",
            "Timestamp": 1711,
            "X": 47.540000915527344,
            "Y": 83.93000030517578
        },
        {
            "Delta": 0,
            "EventType": "MouseMove",
            "Timestamp": 1727,
            "X": 47.349998474121094,
            "Y": 83.93000030517578
        },
        {
            "Delta": 0,
            "EventType": "MouseMove",
            "Timestamp": 1756,
            "X": 47.16999816894531,
            "Y": 83.93000030517578
        },
        {
            "Delta": 0,
            "EventType": "MouseMove",
            "Timestamp": 1858,
            "X": 47.349998474121094,
            "Y": 83.93000030517578
        },
        {
            "Delta": 0,
            "EventType": "MouseUp",
            "Timestamp": 1859,
            "X": 47.349998474121094,
            "Y": 83.93000030517578
        }
    ],
    "LoopDuration": 0,
    "LoopInterval": 0,
    "LoopIterations": 1,
    "LoopType": "TillLoopNumber",
    "MacroSchemaVersion": 3,
    "MergeConfigurations": [
    ],
    "RestartPlayer": false,
    "RestartPlayerAfterMinutes": 60,
    "Shortcut": "Alt + Y",
    "StopOnHomeScreen": false
}
