{
    "Acceleration": 5,
    "CreationTime": "20231130T171634",
    "DoNotShowWindowOnFinish": false,
    "Events": [
        {
            "Delta": 0,
            "EventType": "MouseDown",
            "Timestamp": 730,
            "X": 79.2300033569336,
            "Y": 55.97999954223633
        },
        {
            "Delta": 0,
            "EventType": "MouseMove",
            "Timestamp": 847,
            "X": 79.05000305175781,
            "Y": 55.97999954223633
        },
        {
            "Delta": 0,
            "EventType": "MouseMove",
            "Timestamp": 855,
            "X": 78.31999969482422,
            "Y": 55.97999954223633
        },
        {
            "Delta": 0,
            "EventType": "MouseMove",
            "Timestamp": 862,
            "X": 77.94999694824219,
            "Y": 55.97999954223633
        },
        {
            "Delta": 0,
            "EventType": "MouseMove",
            "Timestamp": 870,
            "X": 77.58999633789062,
            "Y": 55.97999954223633
        },
        {
            "Delta": 0,
            "EventType": "MouseMove",
            "Timestamp": 878,
            "X": 77.04000091552734,
            "Y": 55.97999954223633
        },
        {
            "Delta": 0,
            "EventType": "MouseMove",
            "Timestamp": 886,
            "X": 76.68000030517578,
            "Y": 55.97999954223633
        },
        {
            "Delta": 0,
            "EventType": "MouseMove",
            "Timestamp": 894,
            "X": 76.12999725341797,
            "Y": 55.97999954223633
        },
        {
            "Delta": 0,
            "EventType": "MouseMove",
            "Timestamp": 903,
            "X": 75.7699966430664,
            "Y": 55.97999954223633
        },
        {
            "Delta": 0,
            "EventType": "MouseMove",
            "Timestamp": 906,
            "X": 75.04000091552734,
            "Y": 55.97999954223633
        },
        {
            "Delta": 0,
            "EventType": "MouseMove",
            "Timestamp": 915,
            "X": 74.68000030517578,
            "Y": 55.97999954223633
        },
        {
            "Delta": 0,
            "EventType": "MouseMove",
            "Timestamp": 923,
            "X": 74.12999725341797,
            "Y": 55.97999954223633
        },
        {
            "Delta": 0,
            "EventType": "MouseMove",
            "Timestamp": 930,
            "X": 73.4000015258789,
            "Y": 55.97999954223633
        },
        {
            "Delta": 0,
            "EventType": "MouseMove",
            "Timestamp": 938,
            "X": 73.04000091552734,
            "Y": 55.97999954223633
        },
        {
            "Delta": 0,
            "EventType": "MouseMove",
            "Timestamp": 946,
            "X": 72.48999786376953,
            "Y": 55.97999954223633
        },
        {
            "Delta": 0,
            "EventType": "MouseMove",
            "Timestamp": 958,
            "X": 71.76000213623047,
            "Y": 55.97999954223633
        },
        {
            "Delta": 0,
            "EventType": "MouseMove",
            "Timestamp": 967,
            "X": 71.4000015258789,
            "Y": 55.97999954223633
        },
        {
            "Delta": 0,
            "EventType": "MouseMove",
            "Timestamp": 971,
            "X": 71.02999877929688,
            "Y": 55.97999954223633
        },
        {
            "Delta": 0,
            "EventType": "MouseMove",
            "Timestamp": 979,
            "X": 70.30000305175781,
            "Y": 55.97999954223633
        },
        {
            "Delta": 0,
            "EventType": "MouseMove",
            "Timestamp": 987,
            "X": 69.76000213623047,
            "Y": 55.779998779296875
        },
        {
            "Delta": 0,
            "EventType": "MouseMove",
            "Timestamp": 995,
            "X": 69.02999877929688,
            "Y": 55.779998779296875
        },
        {
            "Delta": 0,
            "EventType": "MouseMove",
            "Timestamp": 1002,
            "X": 68.66999816894531,
            "Y": 55.779998779296875
        },
        {
            "Delta": 0,
            "EventType": "MouseMove",
            "Timestamp": 1010,
            "X": 68.12000274658203,
            "Y": 55.68000030517578
        },
        {
            "Delta": 0,
            "EventType": "MouseMove",
            "Timestamp": 1018,
            "X": 67.75,
            "Y": 55.68000030517578
        },
        {
            "Delta": 0,
            "EventType": "MouseMove",
            "Timestamp": 1030,
            "X": 67.56999969482422,
            "Y": 55.56999969482422
        },
        {
            "Delta": 0,
            "EventType": "MouseMove",
            "Timestamp": 1035,
            "X": 67.02999877929688,
            "Y": 55.56999969482422
        },
        {
            "Delta": 0,
            "EventType": "MouseMove",
            "Timestamp": 1042,
            "X": 66.83999633789062,
            "Y": 55.56999969482422
        },
        {
            "Delta": 0,
            "EventType": "MouseMove",
            "Timestamp": 1050,
            "X": 66.66000366210938,
            "Y": 55.56999969482422
        },
        {
            "Delta": 0,
            "EventType": "MouseMove",
            "Timestamp": 1058,
            "X": 66.4800033569336,
            "Y": 55.56999969482422
        },
        {
            "Delta": 0,
            "EventType": "MouseMove",
            "Timestamp": 1066,
            "X": 66.30000305175781,
            "Y": 55.56999969482422
        },
        {
            "Delta": 0,
            "EventType": "MouseMove",
            "Timestamp": 1074,
            "X": 66.12000274658203,
            "Y": 55.56999969482422
        },
        {
            "Delta": 0,
            "EventType": "MouseMove",
            "Timestamp": 1082,
            "X": 65.93000030517578,
            "Y": 55.56999969482422
        },
        {
            "Delta": 0,
            "EventType": "MouseMove",
            "Timestamp": 1095,
            "X": 65.75,
            "Y": 55.56999969482422
        },
        {
            "Delta": 0,
            "EventType": "MouseMove",
            "Timestamp": 1103,
            "X": 65.56999969482422,
            "Y": 55.56999969482422
        },
        {
            "Delta": 0,
            "EventType": "MouseMove",
            "Timestamp": 1110,
            "X": 65.38999938964844,
            "Y": 55.56999969482422
        },
        {
            "Delta": 0,
            "EventType": "MouseMove",
            "Timestamp": 1118,
            "X": 65.19999694824219,
            "Y": 55.56999969482422
        },
        {
            "Delta": 0,
            "EventType": "MouseMove",
            "Timestamp": 1126,
            "X": 65.0199966430664,
            "Y": 55.56999969482422
        },
        {
            "Delta": 0,
            "EventType": "MouseMove",
            "Timestamp": 1134,
            "X": 64.83999633789062,
            "Y": 55.56999969482422
        },
        {
            "Delta": 0,
            "EventType": "MouseMove",
            "Timestamp": 1142,
            "X": 64.4800033569336,
            "Y": 55.56999969482422
        },
        {
            "Delta": 0,
            "EventType": "MouseMove",
            "Timestamp": 1150,
            "X": 64.29000091552734,
            "Y": 55.56999969482422
        },
        {
            "Delta": 0,
            "EventType": "MouseMove",
            "Timestamp": 1174,
            "X": 64.11000061035156,
            "Y": 55.56999969482422
        },
        {
            "Delta": 0,
            "EventType": "MouseUp",
            "Timestamp": 1363,
            "X": 64.11000061035156,
            "Y": 55.56999969482422
        }
    ],
    "LoopDuration": 0,
    "LoopInterval": 0,
    "LoopIterations": 1,
    "LoopType": "TillLoopNumber",
    "MacroSchemaVersion": 3,
    "MergeConfigurations": [
    ],
    "RestartPlayer": false,
    "RestartPlayerAfterMinutes": 60,
    "Shortcut": "Ctrl + L",
    "StopOnHomeScreen": false
}
