{
    "Acceleration": 5,
    "CreationTime": "20231130T172531",
    "DoNotShowWindowOnFinish": false,
    "Events": [
        {
            "Delta": 0,
            "EventType": "MouseDown",
            "Timestamp": 572,
            "X": 48.08000183105469,
            "Y": 75.2300033569336
        },
        {
            "Delta": 0,
            "EventType": "MouseMove",
            "Timestamp": 644,
            "X": 48.2599983215332,
            "Y": 75.2300033569336
        },
        {
            "Delta": 0,
            "EventType": "MouseMove",
            "Timestamp": 653,
            "X": 48.630001068115234,
            "Y": 75.2300033569336
        },
        {
            "Delta": 0,
            "EventType": "MouseMove",
            "Timestamp": 660,
            "X": 49.18000030517578,
            "Y": 75.2300033569336
        },
        {
            "Delta": 0,
            "EventType": "MouseMove",
            "Timestamp": 669,
            "X": 49.540000915527344,
            "Y": 75.2300033569336
        },
        {
            "Delta": 0,
            "EventType": "MouseMove",
            "Timestamp": 676,
            "X": 50.09000015258789,
            "Y": 75.2300033569336
        },
        {
            "Delta": 0,
            "EventType": "MouseMove",
            "Timestamp": 684,
            "X": 50.27000045776367,
            "Y": 75.2300033569336
        },
        {
            "Delta": 0,
            "EventType": "MouseMove",
            "Timestamp": 692,
            "X": 50.630001068115234,
            "Y": 75.2300033569336
        },
        {
            "Delta": 0,
            "EventType": "MouseMove",
            "Timestamp": 700,
            "X": 51,
            "Y": 75.2300033569336
        },
        {
            "Delta": 0,
            "EventType": "MouseMove",
            "Timestamp": 708,
            "X": 51.72999954223633,
            "Y": 75.2300033569336
        },
        {
            "Delta": 0,
            "EventType": "MouseMove",
            "Timestamp": 717,
            "X": 51.90999984741211,
            "Y": 75.2300033569336
        },
        {
            "Delta": 0,
            "EventType": "MouseMove",
            "Timestamp": 725,
            "X": 52.09000015258789,
            "Y": 75.2300033569336
        },
        {
            "Delta": 0,
            "EventType": "MouseMove",
            "Timestamp": 733,
            "X": 52.45000076293945,
            "Y": 75.2300033569336
        },
        {
            "Delta": 0,
            "EventType": "MouseMove",
            "Timestamp": 741,
            "X": 52.63999938964844,
            "Y": 75.2300033569336
        },
        {
            "Delta": 0,
            "EventType": "MouseMove",
            "Timestamp": 756,
            "X": 52.81999969482422,
            "Y": 75.2300033569336
        },
        {
            "Delta": 0,
            "EventType": "MouseMove",
            "Timestamp": 764,
            "X": 53,
            "Y": 75.2300033569336
        },
        {
            "Delta": 0,
            "EventType": "MouseMove",
            "Timestamp": 773,
            "X": 53.18000030517578,
            "Y": 75.2300033569336
        },
        {
            "Delta": 0,
            "EventType": "MouseMove",
            "Timestamp": 780,
            "X": 53.36000061035156,
            "Y": 75.2300033569336
        },
        {
            "Delta": 0,
            "EventType": "MouseMove",
            "Timestamp": 788,
            "X": 53.72999954223633,
            "Y": 75.2300033569336
        },
        {
            "Delta": 0,
            "EventType": "MouseMove",
            "Timestamp": 797,
            "X": 53.90999984741211,
            "Y": 75.2300033569336
        },
        {
            "Delta": 0,
            "EventType": "MouseMove",
            "Timestamp": 804,
            "X": 54.279998779296875,
            "Y": 75.2300033569336
        },
        {
            "Delta": 0,
            "EventType": "MouseMove",
            "Timestamp": 813,
            "X": 54.81999969482422,
            "Y": 75.2300033569336
        },
        {
            "Delta": 0,
            "EventType": "MouseMove",
            "Timestamp": 820,
            "X": 55,
            "Y": 75.2300033569336
        },
        {
            "Delta": 0,
            "EventType": "MouseMove",
            "Timestamp": 829,
            "X": 55.369998931884766,
            "Y": 75.2300033569336
        },
        {
            "Delta": 0,
            "EventType": "MouseMove",
            "Timestamp": 837,
            "X": 55.54999923706055,
            "Y": 75.2300033569336
        },
        {
            "Delta": 0,
            "EventType": "MouseMove",
            "Timestamp": 845,
            "X": 55.72999954223633,
            "Y": 75.2300033569336
        },
        {
            "Delta": 0,
            "EventType": "MouseMove",
            "Timestamp": 853,
            "X": 56.099998474121094,
            "Y": 75.2300033569336
        },
        {
            "Delta": 0,
            "EventType": "MouseMove",
            "Timestamp": 861,
            "X": 56.459999084472656,
            "Y": 75.2300033569336
        },
        {
            "Delta": 0,
            "EventType": "MouseMove",
            "Timestamp": 877,
            "X": 56.63999938964844,
            "Y": 75.2300033569336
        },
        {
            "Delta": 0,
            "EventType": "MouseMove",
            "Timestamp": 885,
            "X": 56.83000183105469,
            "Y": 75.2300033569336
        },
        {
            "Delta": 0,
            "EventType": "MouseMove",
            "Timestamp": 893,
            "X": 57.0099983215332,
            "Y": 75.2300033569336
        },
        {
            "Delta": 0,
            "EventType": "MouseMove",
            "Timestamp": 901,
            "X": 57.189998626708984,
            "Y": 75.2300033569336
        },
        {
            "Delta": 0,
            "EventType": "MouseMove",
            "Timestamp": 909,
            "X": 57.54999923706055,
            "Y": 75.2300033569336
        },
        {
            "Delta": 0,
            "EventType": "MouseMove",
            "Timestamp": 917,
            "X": 57.7400016784668,
            "Y": 75.2300033569336
        },
        {
            "Delta": 0,
            "EventType": "MouseMove",
            "Timestamp": 925,
            "X": 58.279998779296875,
            "Y": 75.2300033569336
        },
        {
            "Delta": 0,
            "EventType": "MouseMove",
            "Timestamp": 933,
            "X": 58.650001525878906,
            "Y": 75.2300033569336
        },
        {
            "Delta": 0,
            "EventType": "MouseMove",
            "Timestamp": 940,
            "X": 58.83000183105469,
            "Y": 75.2300033569336
        },
        {
            "Delta": 0,
            "EventType": "MouseMove",
            "Timestamp": 948,
            "X": 59.189998626708984,
            "Y": 75.2300033569336
        },
        {
            "Delta": 0,
            "EventType": "MouseMove",
            "Timestamp": 956,
            "X": 59.7400016784668,
            "Y": 75.2300033569336
        },
        {
            "Delta": 0,
            "EventType": "MouseMove",
            "Timestamp": 965,
            "X": 59.91999816894531,
            "Y": 75.2300033569336
        },
        {
            "Delta": 0,
            "EventType": "MouseMove",
            "Timestamp": 980,
            "X": 60.099998474121094,
            "Y": 75.2300033569336
        },
        {
            "Delta": 0,
            "EventType": "MouseMove",
            "Timestamp": 989,
            "X": 60.290000915527344,
            "Y": 75.2300033569336
        },
        {
            "Delta": 0,
            "EventType": "MouseMove",
            "Timestamp": 996,
            "X": 60.470001220703125,
            "Y": 75.2300033569336
        },
        {
            "Delta": 0,
            "EventType": "MouseMove",
            "Timestamp": 1012,
            "X": 60.650001525878906,
            "Y": 75.2300033569336
        },
        {
            "Delta": 0,
            "EventType": "MouseMove",
            "Timestamp": 1020,
            "X": 60.83000183105469,
            "Y": 75.2300033569336
        },
        {
            "Delta": 0,
            "EventType": "MouseMove",
            "Timestamp": 1029,
            "X": 61.02000045776367,
            "Y": 75.2300033569336
        },
        {
            "Delta": 0,
            "EventType": "MouseMove",
            "Timestamp": 1037,
            "X": 61.20000076293945,
            "Y": 75.2300033569336
        },
        {
            "Delta": 0,
            "EventType": "MouseMove",
            "Timestamp": 1045,
            "X": 61.7400016784668,
            "Y": 75.2300033569336
        },
        {
            "Delta": 0,
            "EventType": "MouseMove",
            "Timestamp": 1052,
            "X": 61.93000030517578,
            "Y": 75.2300033569336
        },
        {
            "Delta": 0,
            "EventType": "MouseMove",
            "Timestamp": 1060,
            "X": 62.11000061035156,
            "Y": 75.2300033569336
        },
        {
            "Delta": 0,
            "EventType": "MouseMove",
            "Timestamp": 1069,
            "X": 62.290000915527344,
            "Y": 75.2300033569336
        },
        {
            "Delta": 0,
            "EventType": "MouseMove",
            "Timestamp": 1077,
            "X": 62.470001220703125,
            "Y": 75.2300033569336
        },
        {
            "Delta": 0,
            "EventType": "MouseMove",
            "Timestamp": 1132,
            "X": 62.650001525878906,
            "Y": 75.2300033569336
        },
        {
            "Delta": 0,
            "EventType": "MouseMove",
            "Timestamp": 1165,
            "X": 62.84000015258789,
            "Y": 75.2300033569336
        },
        {
            "Delta": 0,
            "EventType": "MouseMove",
            "Timestamp": 1205,
            "X": 63.02000045776367,
            "Y": 75.2300033569336
        },
        {
            "Delta": 0,
            "EventType": "MouseUp",
            "Timestamp": 1317,
            "X": 63.02000045776367,
            "Y": 75.2300033569336
        }
    ],
    "LoopDuration": 0,
    "LoopInterval": 0,
    "LoopIterations": 1,
    "LoopType": "TillLoopNumber",
    "MacroSchemaVersion": 3,
    "MergeConfigurations": [
    ],
    "RestartPlayer": false,
    "RestartPlayerAfterMinutes": 60,
    "Shortcut": "Alt + G",
    "StopOnHomeScreen": false
}
