{
    "Acceleration": 5,
    "CreationTime": "20231130T172110",
    "DoNotShowWindowOnFinish": false,
    "Events": [
        {
            "Delta": 0,
            "EventType": "MouseDown",
            "Timestamp": 678,
            "X": 63.380001068115234,
            "Y": 65.5999984741211
        },
        {
            "Delta": 0,
            "EventType": "MouseMove",
            "Timestamp": 750,
            "X": 63.380001068115234,
            "Y": 65.70999908447266
        },
        {
            "Delta": 0,
            "EventType": "MouseMove",
            "Timestamp": 759,
            "X": 63.380001068115234,
            "Y": 66.01000213623047
        },
        {
            "Delta": 0,
            "EventType": "MouseMove",
            "Timestamp": 766,
            "X": 63.380001068115234,
            "Y": 66.12000274658203
        },
        {
            "Delta": 0,
            "EventType": "MouseMove",
            "Timestamp": 773,
            "X": 63.20000076293945,
            "Y": 66.31999969482422
        },
        {
            "Delta": 0,
            "EventType": "MouseMove",
            "Timestamp": 782,
            "X": 63.20000076293945,
            "Y": 66.62999725341797
        },
        {
            "Delta": 0,
            "EventType": "MouseMove",
            "Timestamp": 791,
            "X": 63.20000076293945,
            "Y": 66.83000183105469
        },
        {
            "Delta": 0,
            "EventType": "MouseMove",
            "Timestamp": 798,
            "X": 63.20000076293945,
            "Y": 67.04000091552734
        },
        {
            "Delta": 0,
            "EventType": "MouseMove",
            "Timestamp": 806,
            "X": 63.20000076293945,
            "Y": 67.33999633789062
        },
        {
            "Delta": 0,
            "EventType": "MouseMove",
            "Timestamp": 813,
            "X": 63.20000076293945,
            "Y": 67.55000305175781
        },
        {
            "Delta": 0,
            "EventType": "MouseMove",
            "Timestamp": 822,
            "X": 63.20000076293945,
            "Y": 67.6500015258789
        },
        {
            "Delta": 0,
            "EventType": "MouseMove",
            "Timestamp": 830,
            "X": 63.02000045776367,
            "Y": 67.75
        },
        {
            "Delta": 0,
            "EventType": "MouseMove",
            "Timestamp": 838,
            "X": 63.02000045776367,
            "Y": 68.05999755859375
        },
        {
            "Delta": 0,
            "EventType": "MouseMove",
            "Timestamp": 845,
            "X": 63.02000045776367,
            "Y": 68.16000366210938
        },
        {
            "Delta": 0,
            "EventType": "MouseMove",
            "Timestamp": 854,
            "X": 62.84000015258789,
            "Y": 68.2699966430664
        },
        {
            "Delta": 0,
            "EventType": "MouseMove",
            "Timestamp": 861,
            "X": 62.84000015258789,
            "Y": 68.47000122070312
        },
        {
            "Delta": 0,
            "EventType": "MouseMove",
            "Timestamp": 869,
            "X": 62.84000015258789,
            "Y": 68.56999969482422
        },
        {
            "Delta": 0,
            "EventType": "MouseMove",
            "Timestamp": 877,
            "X": 62.650001525878906,
            "Y": 68.66999816894531
        },
        {
            "Delta": 0,
            "EventType": "MouseMove",
            "Timestamp": 885,
            "X": 62.650001525878906,
            "Y": 68.87999725341797
        },
        {
            "Delta": 0,
            "EventType": "MouseMove",
            "Timestamp": 893,
            "X": 62.650001525878906,
            "Y": 69.19000244140625
        },
        {
            "Delta": 0,
            "EventType": "MouseMove",
            "Timestamp": 901,
            "X": 62.650001525878906,
            "Y": 69.29000091552734
        },
        {
            "Delta": 0,
            "EventType": "MouseMove",
            "Timestamp": 909,
            "X": 62.650001525878906,
            "Y": 69.48999786376953
        },
        {
            "Delta": 0,
            "EventType": "MouseMove",
            "Timestamp": 918,
            "X": 62.470001220703125,
            "Y": 69.80000305175781
        },
        {
            "Delta": 0,
            "EventType": "MouseMove",
            "Timestamp": 925,
            "X": 62.470001220703125,
            "Y": 70.01000213623047
        },
        {
            "Delta": 0,
            "EventType": "MouseMove",
            "Timestamp": 933,
            "X": 62.11000061035156,
            "Y": 70.30999755859375
        },
        {
            "Delta": 0,
            "EventType": "MouseMove",
            "Timestamp": 941,
            "X": 61.93000030517578,
            "Y": 70.41000366210938
        },
        {
            "Delta": 0,
            "EventType": "MouseMove",
            "Timestamp": 949,
            "X": 61.93000030517578,
            "Y": 70.62000274658203
        },
        {
            "Delta": 0,
            "EventType": "MouseMove",
            "Timestamp": 957,
            "X": 61.93000030517578,
            "Y": 70.81999969482422
        },
        {
            "Delta": 0,
            "EventType": "MouseMove",
            "Timestamp": 965,
            "X": 61.93000030517578,
            "Y": 71.02999877929688
        },
        {
            "Delta": 0,
            "EventType": "MouseMove",
            "Timestamp": 973,
            "X": 61.93000030517578,
            "Y": 71.12999725341797
        },
        {
            "Delta": 0,
            "EventType": "MouseMove",
            "Timestamp": 991,
            "X": 61.93000030517578,
            "Y": 71.2300033569336
        },
        {
            "Delta": 0,
            "EventType": "MouseMove",
            "Timestamp": 997,
            "X": 61.93000030517578,
            "Y": 71.44000244140625
        },
        {
            "Delta": 0,
            "EventType": "MouseMove",
            "Timestamp": 1006,
            "X": 61.93000030517578,
            "Y": 71.63999938964844
        },
        {
            "Delta": 0,
            "EventType": "MouseMove",
            "Timestamp": 1014,
            "X": 61.7400016784668,
            "Y": 71.75
        },
        {
            "Delta": 0,
            "EventType": "MouseMove",
            "Timestamp": 1022,
            "X": 61.7400016784668,
            "Y": 72.05000305175781
        },
        {
            "Delta": 0,
            "EventType": "MouseMove",
            "Timestamp": 1030,
            "X": 61.7400016784668,
            "Y": 72.26000213623047
        },
        {
            "Delta": 0,
            "EventType": "MouseMove",
            "Timestamp": 1040,
            "X": 61.7400016784668,
            "Y": 72.36000061035156
        },
        {
            "Delta": 0,
            "EventType": "MouseMove",
            "Timestamp": 1046,
            "X": 61.7400016784668,
            "Y": 72.45999908447266
        },
        {
            "Delta": 0,
            "EventType": "MouseMove",
            "Timestamp": 1056,
            "X": 61.7400016784668,
            "Y": 72.66999816894531
        },
        {
            "Delta": 0,
            "EventType": "MouseMove",
            "Timestamp": 1062,
            "X": 61.7400016784668,
            "Y": 72.87000274658203
        },
        {
            "Delta": 0,
            "EventType": "MouseMove",
            "Timestamp": 1071,
            "X": 61.7400016784668,
            "Y": 72.97000122070312
        },
        {
            "Delta": 0,
            "EventType": "MouseMove",
            "Timestamp": 1077,
            "X": 61.7400016784668,
            "Y": 73.08000183105469
        },
        {
            "Delta": 0,
            "EventType": "MouseMove",
            "Timestamp": 1085,
            "X": 61.7400016784668,
            "Y": 73.18000030517578
        },
        {
            "Delta": 0,
            "EventType": "MouseMove",
            "Timestamp": 1093,
            "X": 61.7400016784668,
            "Y": 73.27999877929688
        },
        {
            "Delta": 0,
            "EventType": "MouseMove",
            "Timestamp": 1102,
            "X": 61.7400016784668,
            "Y": 73.37999725341797
        },
        {
            "Delta": 0,
            "EventType": "MouseMove",
            "Timestamp": 1109,
            "X": 61.7400016784668,
            "Y": 73.48999786376953
        },
        {
            "Delta": 0,
            "EventType": "MouseMove",
            "Timestamp": 1117,
            "X": 61.7400016784668,
            "Y": 73.58999633789062
        },
        {
            "Delta": 0,
            "EventType": "MouseMove",
            "Timestamp": 1134,
            "X": 61.7400016784668,
            "Y": 73.69000244140625
        },
        {
            "Delta": 0,
            "EventType": "MouseMove",
            "Timestamp": 1141,
            "X": 61.7400016784668,
            "Y": 73.79000091552734
        },
        {
            "Delta": 0,
            "EventType": "MouseMove",
            "Timestamp": 1150,
            "X": 61.7400016784668,
            "Y": 73.88999938964844
        },
        {
            "Delta": 0,
            "EventType": "MouseMove",
            "Timestamp": 1166,
            "X": 61.7400016784668,
            "Y": 74
        },
        {
            "Delta": 0,
            "EventType": "MouseMove",
            "Timestamp": 1174,
            "X": 61.7400016784668,
            "Y": 74.0999984741211
        },
        {
            "Delta": 0,
            "EventType": "MouseMove",
            "Timestamp": 1189,
            "X": 61.7400016784668,
            "Y": 74.19999694824219
        },
        {
            "Delta": 0,
            "EventType": "MouseMove",
            "Timestamp": 1197,
            "X": 61.7400016784668,
            "Y": 74.30000305175781
        },
        {
            "Delta": 0,
            "EventType": "MouseMove",
            "Timestamp": 1205,
            "X": 61.93000030517578,
            "Y": 74.30000305175781
        },
        {
            "Delta": 0,
            "EventType": "MouseMove",
            "Timestamp": 1221,
            "X": 61.93000030517578,
            "Y": 74.51000213623047
        },
        {
            "Delta": 0,
            "EventType": "MouseMove",
            "Timestamp": 1245,
            "X": 61.93000030517578,
            "Y": 74.61000061035156
        },
        {
            "Delta": 0,
            "EventType": "MouseMove",
            "Timestamp": 1253,
            "X": 62.11000061035156,
            "Y": 74.70999908447266
        },
        {
            "Delta": 0,
            "EventType": "MouseMove",
            "Timestamp": 1262,
            "X": 62.11000061035156,
            "Y": 74.81999969482422
        },
        {
            "Delta": 0,
            "EventType": "MouseMove",
            "Timestamp": 1270,
            "X": 62.11000061035156,
            "Y": 74.91999816894531
        },
        {
            "Delta": 0,
            "EventType": "MouseMove",
            "Timestamp": 1285,
            "X": 62.290000915527344,
            "Y": 75.0199966430664
        },
        {
            "Delta": 0,
            "EventType": "MouseMove",
            "Timestamp": 1294,
            "X": 62.290000915527344,
            "Y": 75.12000274658203
        },
        {
            "Delta": 0,
            "EventType": "MouseMove",
            "Timestamp": 1301,
            "X": 62.290000915527344,
            "Y": 75.2300033569336
        },
        {
            "Delta": 0,
            "EventType": "MouseMove",
            "Timestamp": 1325,
            "X": 62.290000915527344,
            "Y": 75.33000183105469
        },
        {
            "Delta": 0,
            "EventType": "MouseMove",
            "Timestamp": 1373,
            "X": 62.470001220703125,
            "Y": 75.43000030517578
        },
        {
            "Delta": 0,
            "EventType": "MouseMove",
            "Timestamp": 1382,
            "X": 62.84000015258789,
            "Y": 75.52999877929688
        },
        {
            "Delta": 0,
            "EventType": "MouseMove",
            "Timestamp": 1390,
            "X": 62.84000015258789,
            "Y": 75.62999725341797
        },
        {
            "Delta": 0,
            "EventType": "MouseMove",
            "Timestamp": 1405,
            "X": 62.84000015258789,
            "Y": 75.73999786376953
        },
        {
            "Delta": 0,
            "EventType": "MouseMove",
            "Timestamp": 1422,
            "X": 63.02000045776367,
            "Y": 75.73999786376953
        },
        {
            "Delta": 0,
            "EventType": "MouseUp",
            "Timestamp": 1534,
            "X": 63.02000045776367,
            "Y": 75.73999786376953
        }
    ],
    "LoopDuration": 0,
    "LoopInterval": 0,
    "LoopIterations": 1,
    "LoopType": "TillLoopNumber",
    "MacroSchemaVersion": 3,
    "MergeConfigurations": [
    ],
    "RestartPlayer": false,
    "RestartPlayerAfterMinutes": 60,
    "Shortcut": "Ctrl + 1",
    "StopOnHomeScreen": false
}
