{
    "Acceleration": 5,
    "CreationTime": "20231130T171357",
    "DoNotShowWindowOnFinish": false,
    "Events": [
        {
            "Delta": 0,
            "EventType": "MouseDown",
            "Timestamp": 688,
            "X": 30.049999237060547,
            "Y": 55.369998931884766
        },
        {
            "Delta": 0,
            "EventType": "MouseMove",
            "Timestamp": 775,
            "X": 30.229999542236328,
            "Y": 55.369998931884766
        },
        {
            "Delta": 0,
            "EventType": "MouseMove",
            "Timestamp": 783,
            "X": 30.780000686645508,
            "Y": 55.369998931884766
        },
        {
            "Delta": 0,
            "EventType": "MouseMove",
            "Timestamp": 786,
            "X": 31.510000228881836,
            "Y": 55.369998931884766
        },
        {
            "Delta": 0,
            "EventType": "MouseMove",
            "Timestamp": 795,
            "X": 32.2400016784668,
            "Y": 55.369998931884766
        },
        {
            "Delta": 0,
            "EventType": "MouseMove",
            "Timestamp": 803,
            "X": 32.959999084472656,
            "Y": 55.369998931884766
        },
        {
            "Delta": 0,
            "EventType": "MouseMove",
            "Timestamp": 811,
            "X": 33.33000183105469,
            "Y": 55.369998931884766
        },
        {
            "Delta": 0,
            "EventType": "MouseMove",
            "Timestamp": 819,
            "X": 34.060001373291016,
            "Y": 55.369998931884766
        },
        {
            "Delta": 0,
            "EventType": "MouseMove",
            "Timestamp": 827,
            "X": 34.599998474121094,
            "Y": 55.369998931884766
        },
        {
            "Delta": 0,
            "EventType": "MouseMove",
            "Timestamp": 835,
            "X": 34.970001220703125,
            "Y": 55.369998931884766
        },
        {
            "Delta": 0,
            "EventType": "MouseMove",
            "Timestamp": 843,
            "X": 35.150001525878906,
            "Y": 55.369998931884766
        },
        {
            "Delta": 0,
            "EventType": "MouseMove",
            "Timestamp": 855,
            "X": 35.5099983215332,
            "Y": 55.369998931884766
        },
        {
            "Delta": 0,
            "EventType": "MouseMove",
            "Timestamp": 867,
            "X": 35.70000076293945,
            "Y": 55.369998931884766
        },
        {
            "Delta": 0,
            "EventType": "MouseMove",
            "Timestamp": 875,
            "X": 36.2400016784668,
            "Y": 55.369998931884766
        },
        {
            "Delta": 0,
            "EventType": "MouseMove",
            "Timestamp": 883,
            "X": 36.41999816894531,
            "Y": 55.369998931884766
        },
        {
            "Delta": 0,
            "EventType": "MouseMove",
            "Timestamp": 891,
            "X": 36.790000915527344,
            "Y": 55.369998931884766
        },
        {
            "Delta": 0,
            "EventType": "MouseMove",
            "Timestamp": 899,
            "X": 37.150001525878906,
            "Y": 55.369998931884766
        },
        {
            "Delta": 0,
            "EventType": "MouseMove",
            "Timestamp": 907,
            "X": 37.70000076293945,
            "Y": 55.369998931884766
        },
        {
            "Delta": 0,
            "EventType": "MouseMove",
            "Timestamp": 915,
            "X": 38.060001373291016,
            "Y": 55.369998931884766
        },
        {
            "Delta": 0,
            "EventType": "MouseMove",
            "Timestamp": 924,
            "X": 38.790000915527344,
            "Y": 55.369998931884766
        },
        {
            "Delta": 0,
            "EventType": "MouseMove",
            "Timestamp": 932,
            "X": 39.34000015258789,
            "Y": 55.369998931884766
        },
        {
            "Delta": 0,
            "EventType": "MouseMove",
            "Timestamp": 940,
            "X": 39.70000076293945,
            "Y": 55.369998931884766
        },
        {
            "Delta": 0,
            "EventType": "MouseMove",
            "Timestamp": 948,
            "X": 39.88999938964844,
            "Y": 55.369998931884766
        },
        {
            "Delta": 0,
            "EventType": "MouseMove",
            "Timestamp": 956,
            "X": 40.06999969482422,
            "Y": 55.369998931884766
        },
        {
            "Delta": 0,
            "EventType": "MouseMove",
            "Timestamp": 963,
            "X": 40.25,
            "Y": 55.369998931884766
        },
        {
            "Delta": 0,
            "EventType": "MouseMove",
            "Timestamp": 971,
            "X": 40.43000030517578,
            "Y": 55.369998931884766
        },
        {
            "Delta": 0,
            "EventType": "MouseMove",
            "Timestamp": 979,
            "X": 40.61000061035156,
            "Y": 55.369998931884766
        },
        {
            "Delta": 0,
            "EventType": "MouseMove",
            "Timestamp": 987,
            "X": 40.79999923706055,
            "Y": 55.369998931884766
        },
        {
            "Delta": 0,
            "EventType": "MouseMove",
            "Timestamp": 995,
            "X": 41.15999984741211,
            "Y": 55.369998931884766
        },
        {
            "Delta": 0,
            "EventType": "MouseMove",
            "Timestamp": 1007,
            "X": 41.34000015258789,
            "Y": 55.369998931884766
        },
        {
            "Delta": 0,
            "EventType": "MouseMove",
            "Timestamp": 1015,
            "X": 41.529998779296875,
            "Y": 55.369998931884766
        },
        {
            "Delta": 0,
            "EventType": "MouseMove",
            "Timestamp": 1019,
            "X": 41.709999084472656,
            "Y": 55.369998931884766
        },
        {
            "Delta": 0,
            "EventType": "MouseMove",
            "Timestamp": 1027,
            "X": 41.88999938964844,
            "Y": 55.369998931884766
        },
        {
            "Delta": 0,
            "EventType": "MouseMove",
            "Timestamp": 1035,
            "X": 42.06999969482422,
            "Y": 55.369998931884766
        },
        {
            "Delta": 0,
            "EventType": "MouseMove",
            "Timestamp": 1043,
            "X": 42.25,
            "Y": 55.369998931884766
        },
        {
            "Delta": 0,
            "EventType": "MouseMove",
            "Timestamp": 1051,
            "X": 42.439998626708984,
            "Y": 55.369998931884766
        },
        {
            "Delta": 0,
            "EventType": "MouseMove",
            "Timestamp": 1059,
            "X": 42.619998931884766,
            "Y": 55.369998931884766
        },
        {
            "Delta": 0,
            "EventType": "MouseMove",
            "Timestamp": 1079,
            "X": 42.79999923706055,
            "Y": 55.369998931884766
        },
        {
            "Delta": 0,
            "EventType": "MouseMove",
            "Timestamp": 1099,
            "X": 42.97999954223633,
            "Y": 55.369998931884766
        },
        {
            "Delta": 0,
            "EventType": "MouseMove",
            "Timestamp": 1124,
            "X": 43.15999984741211,
            "Y": 55.369998931884766
        },
        {
            "Delta": 0,
            "EventType": "MouseMove",
            "Timestamp": 1131,
            "X": 43.349998474121094,
            "Y": 55.369998931884766
        },
        {
            "Delta": 0,
            "EventType": "MouseMove",
            "Timestamp": 1139,
            "X": 43.529998779296875,
            "Y": 55.369998931884766
        },
        {
            "Delta": 0,
            "EventType": "MouseMove",
            "Timestamp": 1147,
            "X": 43.709999084472656,
            "Y": 55.470001220703125
        },
        {
            "Delta": 0,
            "EventType": "MouseMove",
            "Timestamp": 1155,
            "X": 44.2599983215332,
            "Y": 55.470001220703125
        },
        {
            "Delta": 0,
            "EventType": "MouseMove",
            "Timestamp": 1163,
            "X": 44.439998626708984,
            "Y": 55.470001220703125
        },
        {
            "Delta": 0,
            "EventType": "MouseMove",
            "Timestamp": 1171,
            "X": 44.619998931884766,
            "Y": 55.470001220703125
        },
        {
            "Delta": 0,
            "EventType": "MouseMove",
            "Timestamp": 1187,
            "X": 44.79999923706055,
            "Y": 55.470001220703125
        },
        {
            "Delta": 0,
            "EventType": "MouseMove",
            "Timestamp": 1195,
            "X": 44.9900016784668,
            "Y": 55.470001220703125
        },
        {
            "Delta": 0,
            "EventType": "MouseMove",
            "Timestamp": 1224,
            "X": 45.16999816894531,
            "Y": 55.470001220703125
        },
        {
            "Delta": 0,
            "EventType": "MouseMove",
            "Timestamp": 1235,
            "X": 45.529998779296875,
            "Y": 55.68000030517578
        },
        {
            "Delta": 0,
            "EventType": "MouseMove",
            "Timestamp": 1251,
            "X": 45.709999084472656,
            "Y": 55.68000030517578
        },
        {
            "Delta": 0,
            "EventType": "MouseMove",
            "Timestamp": 1259,
            "X": 46.2599983215332,
            "Y": 55.779998779296875
        },
        {
            "Delta": 0,
            "EventType": "MouseMove",
            "Timestamp": 1275,
            "X": 46.439998626708984,
            "Y": 55.779998779296875
        },
        {
            "Delta": 0,
            "EventType": "MouseMove",
            "Timestamp": 1308,
            "X": 46.630001068115234,
            "Y": 55.779998779296875
        },
        {
            "Delta": 0,
            "EventType": "MouseMove",
            "Timestamp": 1391,
            "X": 46.810001373291016,
            "Y": 55.779998779296875
        },
        {
            "Delta": 0,
            "EventType": "MouseMove",
            "Timestamp": 1488,
            "X": 46.9900016784668,
            "Y": 55.779998779296875
        },
        {
            "Delta": 0,
            "EventType": "MouseUp",
            "Timestamp": 1524,
            "X": 46.9900016784668,
            "Y": 55.779998779296875
        }
    ],
    "LoopDuration": 0,
    "LoopInterval": 0,
    "LoopIterations": 1,
    "LoopType": "TillLoopNumber",
    "MacroSchemaVersion": 3,
    "MergeConfigurations": [
    ],
    "RestartPlayer": false,
    "RestartPlayerAfterMinutes": 60,
    "Shortcut": "Ctrl + B",
    "StopOnHomeScreen": false
}
