{
    "Acceleration": 5,
    "CreationTime": "20231130T164652",
    "DoNotShowWindowOnFinish": false,
    "Events": [
        {
            "Delta": 0,
            "EventType": "MouseDown",
            "Timestamp": 750,
            "X": 63.02000045776367,
            "Y": 36.939998626708984
        },
        {
            "Delta": 0,
            "EventType": "MouseMove",
            "Timestamp": 766,
            "X": 63.20000076293945,
            "Y": 36.939998626708984
        },
        {
            "Delta": 0,
            "EventType": "MouseMove",
            "Timestamp": 790,
            "X": 63.380001068115234,
            "Y": 36.939998626708984
        },
        {
            "Delta": 0,
            "EventType": "MouseMove",
            "Timestamp": 798,
            "X": 63.56999969482422,
            "Y": 36.939998626708984
        },
        {
            "Delta": 0,
            "EventType": "MouseMove",
            "Timestamp": 806,
            "X": 63.93000030517578,
            "Y": 37.04999923706055
        },
        {
            "Delta": 0,
            "EventType": "MouseMove",
            "Timestamp": 814,
            "X": 64.29000091552734,
            "Y": 37.04999923706055
        },
        {
            "Delta": 0,
            "EventType": "MouseMove",
            "Timestamp": 822,
            "X": 64.66000366210938,
            "Y": 37.04999923706055
        },
        {
            "Delta": 0,
            "EventType": "MouseMove",
            "Timestamp": 830,
            "X": 65.0199966430664,
            "Y": 37.04999923706055
        },
        {
            "Delta": 0,
            "EventType": "MouseMove",
            "Timestamp": 837,
            "X": 65.56999969482422,
            "Y": 37.04999923706055
        },
        {
            "Delta": 0,
            "EventType": "MouseMove",
            "Timestamp": 845,
            "X": 65.75,
            "Y": 37.04999923706055
        },
        {
            "Delta": 0,
            "EventType": "MouseMove",
            "Timestamp": 854,
            "X": 66.30000305175781,
            "Y": 37.04999923706055
        },
        {
            "Delta": 0,
            "EventType": "MouseMove",
            "Timestamp": 862,
            "X": 67.02999877929688,
            "Y": 37.04999923706055
        },
        {
            "Delta": 0,
            "EventType": "MouseMove",
            "Timestamp": 870,
            "X": 67.56999969482422,
            "Y": 37.04999923706055
        },
        {
            "Delta": 0,
            "EventType": "MouseMove",
            "Timestamp": 878,
            "X": 68.30000305175781,
            "Y": 37.04999923706055
        },
        {
            "Delta": 0,
            "EventType": "MouseMove",
            "Timestamp": 886,
            "X": 69.58000183105469,
            "Y": 37.04999923706055
        },
        {
            "Delta": 0,
            "EventType": "MouseMove",
            "Timestamp": 893,
            "X": 70.48999786376953,
            "Y": 37.04999923706055
        },
        {
            "Delta": 0,
            "EventType": "MouseMove",
            "Timestamp": 902,
            "X": 71.94000244140625,
            "Y": 37.04999923706055
        },
        {
            "Delta": 0,
            "EventType": "MouseMove",
            "Timestamp": 910,
            "X": 73.4000015258789,
            "Y": 37.04999923706055
        },
        {
            "Delta": 0,
            "EventType": "MouseMove",
            "Timestamp": 918,
            "X": 74.68000030517578,
            "Y": 37.04999923706055
        },
        {
            "Delta": 0,
            "EventType": "MouseMove",
            "Timestamp": 926,
            "X": 75.94999694824219,
            "Y": 37.04999923706055
        },
        {
            "Delta": 0,
            "EventType": "MouseMove",
            "Timestamp": 934,
            "X": 76.5,
            "Y": 37.04999923706055
        },
        {
            "Delta": 0,
            "EventType": "MouseMove",
            "Timestamp": 942,
            "X": 76.68000030517578,
            "Y": 37.04999923706055
        },
        {
            "Delta": 0,
            "EventType": "MouseMove",
            "Timestamp": 950,
            "X": 77.04000091552734,
            "Y": 37.04999923706055
        },
        {
            "Delta": 0,
            "EventType": "MouseMove",
            "Timestamp": 958,
            "X": 77.2300033569336,
            "Y": 37.04999923706055
        },
        {
            "Delta": 0,
            "EventType": "MouseMove",
            "Timestamp": 966,
            "X": 77.41000366210938,
            "Y": 37.04999923706055
        },
        {
            "Delta": 0,
            "EventType": "MouseMove",
            "Timestamp": 982,
            "X": 77.58999633789062,
            "Y": 37.04999923706055
        },
        {
            "Delta": 0,
            "EventType": "MouseMove",
            "Timestamp": 990,
            "X": 77.7699966430664,
            "Y": 37.04999923706055
        },
        {
            "Delta": 0,
            "EventType": "MouseMove",
            "Timestamp": 998,
            "X": 77.94999694824219,
            "Y": 37.04999923706055
        },
        {
            "Delta": 0,
            "EventType": "MouseMove",
            "Timestamp": 1014,
            "X": 78.13999938964844,
            "Y": 37.04999923706055
        },
        {
            "Delta": 0,
            "EventType": "MouseMove",
            "Timestamp": 1038,
            "X": 78.5,
            "Y": 37.04999923706055
        },
        {
            "Delta": 0,
            "EventType": "MouseMove",
            "Timestamp": 1046,
            "X": 78.68000030517578,
            "Y": 37.04999923706055
        },
        {
            "Delta": 0,
            "EventType": "MouseMove",
            "Timestamp": 1054,
            "X": 78.87000274658203,
            "Y": 37.04999923706055
        },
        {
            "Delta": 0,
            "EventType": "MouseMove",
            "Timestamp": 1062,
            "X": 79.05000305175781,
            "Y": 37.04999923706055
        },
        {
            "Delta": 0,
            "EventType": "MouseMove",
            "Timestamp": 1070,
            "X": 79.2300033569336,
            "Y": 37.04999923706055
        },
        {
            "Delta": 0,
            "EventType": "MouseMove",
            "Timestamp": 1086,
            "X": 79.41000366210938,
            "Y": 37.04999923706055
        },
        {
            "Delta": 0,
            "EventType": "MouseUp",
            "Timestamp": 1246,
            "X": 79.41000366210938,
            "Y": 37.04999923706055
        }
    ],
    "LoopDuration": 0,
    "LoopInterval": 0,
    "LoopIterations": 1,
    "LoopType": "TillLoopNumber",
    "MacroSchemaVersion": 3,
    "MergeConfigurations": [
    ],
    "RestartPlayer": false,
    "RestartPlayerAfterMinutes": 60,
    "Shortcut": "K",
    "StopOnHomeScreen": false
}
