{
    "Acceleration": 5,
    "CreationTime": "20231130T165942",
    "DoNotShowWindowOnFinish": false,
    "Events": [
        {
            "Delta": 0,
            "EventType": "MouseDown",
            "Timestamp": 709,
            "X": 30.049999237060547,
            "Y": 46.56999969482422
        },
        {
            "Delta": 0,
            "EventType": "MouseMove",
            "Timestamp": 748,
            "X": 30.049999237060547,
            "Y": 46.66999816894531
        },
        {
            "Delta": 0,
            "EventType": "MouseMove",
            "Timestamp": 756,
            "X": 30.049999237060547,
            "Y": 46.77000045776367
        },
        {
            "Delta": 0,
            "EventType": "MouseMove",
            "Timestamp": 764,
            "X": 30.049999237060547,
            "Y": 46.869998931884766
        },
        {
            "Delta": 0,
            "EventType": "MouseMove",
            "Timestamp": 772,
            "X": 30.049999237060547,
            "Y": 46.97999954223633
        },
        {
            "Delta": 0,
            "EventType": "MouseMove",
            "Timestamp": 780,
            "X": 30.049999237060547,
            "Y": 47.18000030517578
        },
        {
            "Delta": 0,
            "EventType": "MouseMove",
            "Timestamp": 787,
            "X": 30.229999542236328,
            "Y": 47.380001068115234
        },
        {
            "Delta": 0,
            "EventType": "MouseMove",
            "Timestamp": 796,
            "X": 30.229999542236328,
            "Y": 47.59000015258789
        },
        {
            "Delta": 0,
            "EventType": "MouseMove",
            "Timestamp": 805,
            "X": 30.229999542236328,
            "Y": 47.790000915527344
        },
        {
            "Delta": 0,
            "EventType": "MouseMove",
            "Timestamp": 814,
            "X": 30.229999542236328,
            "Y": 48.099998474121094
        },
        {
            "Delta": 0,
            "EventType": "MouseMove",
            "Timestamp": 820,
            "X": 30.229999542236328,
            "Y": 48.40999984741211
        },
        {
            "Delta": 0,
            "EventType": "MouseMove",
            "Timestamp": 828,
            "X": 30.229999542236328,
            "Y": 48.81999969482422
        },
        {
            "Delta": 0,
            "EventType": "MouseMove",
            "Timestamp": 837,
            "X": 30.229999542236328,
            "Y": 49.119998931884766
        },
        {
            "Delta": 0,
            "EventType": "MouseMove",
            "Timestamp": 845,
            "X": 30.229999542236328,
            "Y": 49.529998779296875
        },
        {
            "Delta": 0,
            "EventType": "MouseMove",
            "Timestamp": 852,
            "X": 30.229999542236328,
            "Y": 49.939998626708984
        },
        {
            "Delta": 0,
            "EventType": "MouseMove",
            "Timestamp": 860,
            "X": 30.229999542236328,
            "Y": 50.25
        },
        {
            "Delta": 0,
            "EventType": "MouseMove",
            "Timestamp": 868,
            "X": 30.40999984741211,
            "Y": 50.560001373291016
        },
        {
            "Delta": 0,
            "EventType": "MouseMove",
            "Timestamp": 876,
            "X": 30.40999984741211,
            "Y": 50.869998931884766
        },
        {
            "Delta": 0,
            "EventType": "MouseMove",
            "Timestamp": 885,
            "X": 30.600000381469727,
            "Y": 51.06999969482422
        },
        {
            "Delta": 0,
            "EventType": "MouseMove",
            "Timestamp": 892,
            "X": 30.600000381469727,
            "Y": 51.27000045776367
        },
        {
            "Delta": 0,
            "EventType": "MouseMove",
            "Timestamp": 900,
            "X": 30.600000381469727,
            "Y": 51.58000183105469
        },
        {
            "Delta": 0,
            "EventType": "MouseMove",
            "Timestamp": 908,
            "X": 30.600000381469727,
            "Y": 51.790000915527344
        },
        {
            "Delta": 0,
            "EventType": "MouseMove",
            "Timestamp": 916,
            "X": 30.600000381469727,
            "Y": 51.9900016784668
        },
        {
            "Delta": 0,
            "EventType": "MouseMove",
            "Timestamp": 924,
            "X": 30.600000381469727,
            "Y": 52.20000076293945
        },
        {
            "Delta": 0,
            "EventType": "MouseMove",
            "Timestamp": 932,
            "X": 30.600000381469727,
            "Y": 52.400001525878906
        },
        {
            "Delta": 0,
            "EventType": "MouseMove",
            "Timestamp": 940,
            "X": 30.600000381469727,
            "Y": 52.61000061035156
        },
        {
            "Delta": 0,
            "EventType": "MouseMove",
            "Timestamp": 948,
            "X": 30.600000381469727,
            "Y": 52.810001373291016
        },
        {
            "Delta": 0,
            "EventType": "MouseMove",
            "Timestamp": 956,
            "X": 30.40999984741211,
            "Y": 53.0099983215332
        },
        {
            "Delta": 0,
            "EventType": "MouseMove",
            "Timestamp": 964,
            "X": 30.229999542236328,
            "Y": 53.119998931884766
        },
        {
            "Delta": 0,
            "EventType": "MouseMove",
            "Timestamp": 972,
            "X": 30.229999542236328,
            "Y": 53.220001220703125
        },
        {
            "Delta": 0,
            "EventType": "MouseMove",
            "Timestamp": 980,
            "X": 30.049999237060547,
            "Y": 53.31999969482422
        },
        {
            "Delta": 0,
            "EventType": "MouseMove",
            "Timestamp": 988,
            "X": 30.049999237060547,
            "Y": 53.41999816894531
        },
        {
            "Delta": 0,
            "EventType": "MouseMove",
            "Timestamp": 996,
            "X": 30.049999237060547,
            "Y": 53.529998779296875
        },
        {
            "Delta": 0,
            "EventType": "MouseMove",
            "Timestamp": 1004,
            "X": 29.8700008392334,
            "Y": 53.72999954223633
        },
        {
            "Delta": 0,
            "EventType": "MouseMove",
            "Timestamp": 1012,
            "X": 29.8700008392334,
            "Y": 53.939998626708984
        },
        {
            "Delta": 0,
            "EventType": "MouseMove",
            "Timestamp": 1020,
            "X": 29.690000534057617,
            "Y": 54.040000915527344
        },
        {
            "Delta": 0,
            "EventType": "MouseMove",
            "Timestamp": 1028,
            "X": 29.690000534057617,
            "Y": 54.13999938964844
        },
        {
            "Delta": 0,
            "EventType": "MouseMove",
            "Timestamp": 1036,
            "X": 29.690000534057617,
            "Y": 54.349998474121094
        },
        {
            "Delta": 0,
            "EventType": "MouseMove",
            "Timestamp": 1044,
            "X": 29.5,
            "Y": 54.349998474121094
        },
        {
            "Delta": 0,
            "EventType": "MouseMove",
            "Timestamp": 1052,
            "X": 29.5,
            "Y": 54.54999923706055
        },
        {
            "Delta": 0,
            "EventType": "MouseMove",
            "Timestamp": 1060,
            "X": 29.31999969482422,
            "Y": 54.650001525878906
        },
        {
            "Delta": 0,
            "EventType": "MouseMove",
            "Timestamp": 1068,
            "X": 29.31999969482422,
            "Y": 54.75
        },
        {
            "Delta": 0,
            "EventType": "MouseMove",
            "Timestamp": 1076,
            "X": 29.139999389648438,
            "Y": 54.86000061035156
        },
        {
            "Delta": 0,
            "EventType": "MouseMove",
            "Timestamp": 1084,
            "X": 29.139999389648438,
            "Y": 54.959999084472656
        },
        {
            "Delta": 0,
            "EventType": "MouseMove",
            "Timestamp": 1093,
            "X": 28.959999084472656,
            "Y": 55.060001373291016
        },
        {
            "Delta": 0,
            "EventType": "MouseMove",
            "Timestamp": 1100,
            "X": 28.959999084472656,
            "Y": 55.15999984741211
        },
        {
            "Delta": 0,
            "EventType": "MouseMove",
            "Timestamp": 1116,
            "X": 28.959999084472656,
            "Y": 55.27000045776367
        },
        {
            "Delta": 0,
            "EventType": "MouseMove",
            "Timestamp": 1124,
            "X": 28.959999084472656,
            "Y": 55.369998931884766
        },
        {
            "Delta": 0,
            "EventType": "MouseMove",
            "Timestamp": 1132,
            "X": 28.959999084472656,
            "Y": 55.470001220703125
        },
        {
            "Delta": 0,
            "EventType": "MouseMove",
            "Timestamp": 1140,
            "X": 28.959999084472656,
            "Y": 55.56999969482422
        },
        {
            "Delta": 0,
            "EventType": "MouseMove",
            "Timestamp": 1148,
            "X": 28.959999084472656,
            "Y": 55.68000030517578
        },
        {
            "Delta": 0,
            "EventType": "MouseMove",
            "Timestamp": 1164,
            "X": 28.959999084472656,
            "Y": 55.779998779296875
        },
        {
            "Delta": 0,
            "EventType": "MouseMove",
            "Timestamp": 1180,
            "X": 29.139999389648438,
            "Y": 55.779998779296875
        },
        {
            "Delta": 0,
            "EventType": "MouseMove",
            "Timestamp": 1197,
            "X": 29.31999969482422,
            "Y": 55.779998779296875
        },
        {
            "Delta": 0,
            "EventType": "MouseMove",
            "Timestamp": 1205,
            "X": 29.31999969482422,
            "Y": 55.68000030517578
        },
        {
            "Delta": 0,
            "EventType": "MouseUp",
            "Timestamp": 1205,
            "X": 29.31999969482422,
            "Y": 55.68000030517578
        }
    ],
    "LoopDuration": 0,
    "LoopInterval": 0,
    "LoopIterations": 1,
    "LoopType": "TillLoopNumber",
    "MacroSchemaVersion": 3,
    "MergeConfigurations": [
    ],
    "RestartPlayer": false,
    "RestartPlayerAfterMinutes": 60,
    "Shortcut": "R",
    "StopOnHomeScreen": false
}
