{
    "Acceleration": 5,
    "CreationTime": "20231130T172201",
    "DoNotShowWindowOnFinish": false,
    "Events": [
        {
            "Delta": 0,
            "EventType": "MouseDown",
            "Timestamp": 527,
            "X": 79.58999633789062,
            "Y": 65.5999984741211
        },
        {
            "Delta": 0,
            "EventType": "MouseMove",
            "Timestamp": 579,
            "X": 79.58999633789062,
            "Y": 65.70999908447266
        },
        {
            "Delta": 0,
            "EventType": "MouseMove",
            "Timestamp": 587,
            "X": 79.77999877929688,
            "Y": 66.22000122070312
        },
        {
            "Delta": 0,
            "EventType": "MouseMove",
            "Timestamp": 595,
            "X": 79.77999877929688,
            "Y": 66.62999725341797
        },
        {
            "Delta": 0,
            "EventType": "MouseMove",
            "Timestamp": 604,
            "X": 79.77999877929688,
            "Y": 66.93000030517578
        },
        {
            "Delta": 0,
            "EventType": "MouseMove",
            "Timestamp": 612,
            "X": 79.95999908447266,
            "Y": 67.33999633789062
        },
        {
            "Delta": 0,
            "EventType": "MouseMove",
            "Timestamp": 620,
            "X": 79.95999908447266,
            "Y": 67.55000305175781
        },
        {
            "Delta": 0,
            "EventType": "MouseMove",
            "Timestamp": 628,
            "X": 79.95999908447266,
            "Y": 67.75
        },
        {
            "Delta": 0,
            "EventType": "MouseMove",
            "Timestamp": 636,
            "X": 79.95999908447266,
            "Y": 68.05999755859375
        },
        {
            "Delta": 0,
            "EventType": "MouseMove",
            "Timestamp": 648,
            "X": 79.95999908447266,
            "Y": 68.16000366210938
        },
        {
            "Delta": 0,
            "EventType": "MouseMove",
            "Timestamp": 655,
            "X": 79.95999908447266,
            "Y": 68.37000274658203
        },
        {
            "Delta": 0,
            "EventType": "MouseMove",
            "Timestamp": 664,
            "X": 79.95999908447266,
            "Y": 68.47000122070312
        },
        {
            "Delta": 0,
            "EventType": "MouseMove",
            "Timestamp": 672,
            "X": 79.95999908447266,
            "Y": 68.56999969482422
        },
        {
            "Delta": 0,
            "EventType": "MouseMove",
            "Timestamp": 679,
            "X": 79.95999908447266,
            "Y": 68.9800033569336
        },
        {
            "Delta": 0,
            "EventType": "MouseMove",
            "Timestamp": 687,
            "X": 79.95999908447266,
            "Y": 69.19000244140625
        },
        {
            "Delta": 0,
            "EventType": "MouseMove",
            "Timestamp": 695,
            "X": 79.95999908447266,
            "Y": 69.48999786376953
        },
        {
            "Delta": 0,
            "EventType": "MouseMove",
            "Timestamp": 703,
            "X": 79.95999908447266,
            "Y": 69.69999694824219
        },
        {
            "Delta": 0,
            "EventType": "MouseMove",
            "Timestamp": 711,
            "X": 79.95999908447266,
            "Y": 70.01000213623047
        },
        {
            "Delta": 0,
            "EventType": "MouseMove",
            "Timestamp": 719,
            "X": 79.95999908447266,
            "Y": 70.20999908447266
        },
        {
            "Delta": 0,
            "EventType": "MouseMove",
            "Timestamp": 727,
            "X": 79.95999908447266,
            "Y": 70.41000366210938
        },
        {
            "Delta": 0,
            "EventType": "MouseMove",
            "Timestamp": 735,
            "X": 79.95999908447266,
            "Y": 70.5199966430664
        },
        {
            "Delta": 0,
            "EventType": "MouseMove",
            "Timestamp": 744,
            "X": 79.95999908447266,
            "Y": 70.81999969482422
        },
        {
            "Delta": 0,
            "EventType": "MouseMove",
            "Timestamp": 751,
            "X": 79.95999908447266,
            "Y": 71.02999877929688
        },
        {
            "Delta": 0,
            "EventType": "MouseMove",
            "Timestamp": 759,
            "X": 79.95999908447266,
            "Y": 71.2300033569336
        },
        {
            "Delta": 0,
            "EventType": "MouseMove",
            "Timestamp": 767,
            "X": 79.95999908447266,
            "Y": 71.54000091552734
        },
        {
            "Delta": 0,
            "EventType": "MouseMove",
            "Timestamp": 771,
            "X": 79.95999908447266,
            "Y": 71.63999938964844
        },
        {
            "Delta": 0,
            "EventType": "MouseMove",
            "Timestamp": 784,
            "X": 79.95999908447266,
            "Y": 71.8499984741211
        },
        {
            "Delta": 0,
            "EventType": "MouseMove",
            "Timestamp": 791,
            "X": 79.95999908447266,
            "Y": 71.94999694824219
        },
        {
            "Delta": 0,
            "EventType": "MouseMove",
            "Timestamp": 799,
            "X": 79.95999908447266,
            "Y": 72.05000305175781
        },
        {
            "Delta": 0,
            "EventType": "MouseMove",
            "Timestamp": 807,
            "X": 79.95999908447266,
            "Y": 72.1500015258789
        },
        {
            "Delta": 0,
            "EventType": "MouseMove",
            "Timestamp": 815,
            "X": 79.95999908447266,
            "Y": 72.26000213623047
        },
        {
            "Delta": 0,
            "EventType": "MouseMove",
            "Timestamp": 823,
            "X": 79.95999908447266,
            "Y": 72.55999755859375
        },
        {
            "Delta": 0,
            "EventType": "MouseMove",
            "Timestamp": 832,
            "X": 79.95999908447266,
            "Y": 72.66999816894531
        },
        {
            "Delta": 0,
            "EventType": "MouseMove",
            "Timestamp": 835,
            "X": 79.95999908447266,
            "Y": 72.7699966430664
        },
        {
            "Delta": 0,
            "EventType": "MouseMove",
            "Timestamp": 847,
            "X": 79.95999908447266,
            "Y": 72.87000274658203
        },
        {
            "Delta": 0,
            "EventType": "MouseMove",
            "Timestamp": 855,
            "X": 79.95999908447266,
            "Y": 72.97000122070312
        },
        {
            "Delta": 0,
            "EventType": "MouseMove",
            "Timestamp": 872,
            "X": 79.95999908447266,
            "Y": 73.08000183105469
        },
        {
            "Delta": 0,
            "EventType": "MouseMove",
            "Timestamp": 887,
            "X": 79.95999908447266,
            "Y": 73.18000030517578
        },
        {
            "Delta": 0,
            "EventType": "MouseMove",
            "Timestamp": 907,
            "X": 79.95999908447266,
            "Y": 73.27999877929688
        },
        {
            "Delta": 0,
            "EventType": "MouseMove",
            "Timestamp": 915,
            "X": 79.95999908447266,
            "Y": 73.37999725341797
        },
        {
            "Delta": 0,
            "EventType": "MouseMove",
            "Timestamp": 923,
            "X": 79.95999908447266,
            "Y": 73.69000244140625
        },
        {
            "Delta": 0,
            "EventType": "MouseMove",
            "Timestamp": 931,
            "X": 79.95999908447266,
            "Y": 73.79000091552734
        },
        {
            "Delta": 0,
            "EventType": "MouseMove",
            "Timestamp": 940,
            "X": 79.95999908447266,
            "Y": 73.88999938964844
        },
        {
            "Delta": 0,
            "EventType": "MouseMove",
            "Timestamp": 947,
            "X": 79.95999908447266,
            "Y": 74.0999984741211
        },
        {
            "Delta": 0,
            "EventType": "MouseMove",
            "Timestamp": 955,
            "X": 79.95999908447266,
            "Y": 74.19999694824219
        },
        {
            "Delta": 0,
            "EventType": "MouseMove",
            "Timestamp": 984,
            "X": 79.95999908447266,
            "Y": 74.30000305175781
        },
        {
            "Delta": 0,
            "EventType": "MouseMove",
            "Timestamp": 992,
            "X": 79.95999908447266,
            "Y": 74.41000366210938
        },
        {
            "Delta": 0,
            "EventType": "MouseMove",
            "Timestamp": 1000,
            "X": 79.95999908447266,
            "Y": 74.61000061035156
        },
        {
            "Delta": 0,
            "EventType": "MouseMove",
            "Timestamp": 1008,
            "X": 79.95999908447266,
            "Y": 74.70999908447266
        },
        {
            "Delta": 0,
            "EventType": "MouseMove",
            "Timestamp": 1011,
            "X": 80.13999938964844,
            "Y": 75.12000274658203
        },
        {
            "Delta": 0,
            "EventType": "MouseMove",
            "Timestamp": 1019,
            "X": 80.13999938964844,
            "Y": 75.2300033569336
        },
        {
            "Delta": 0,
            "EventType": "MouseMove",
            "Timestamp": 1027,
            "X": 80.31999969482422,
            "Y": 75.33000183105469
        },
        {
            "Delta": 0,
            "EventType": "MouseMove",
            "Timestamp": 1047,
            "X": 80.31999969482422,
            "Y": 75.43000030517578
        },
        {
            "Delta": 0,
            "EventType": "MouseMove",
            "Timestamp": 1151,
            "X": 80.31999969482422,
            "Y": 75.33000183105469
        },
        {
            "Delta": 0,
            "EventType": "MouseMove",
            "Timestamp": 1159,
            "X": 80.31999969482422,
            "Y": 75.2300033569336
        },
        {
            "Delta": 0,
            "EventType": "MouseMove",
            "Timestamp": 1167,
            "X": 80.31999969482422,
            "Y": 75.12000274658203
        },
        {
            "Delta": 0,
            "EventType": "MouseUp",
            "Timestamp": 1171,
            "X": 80.31999969482422,
            "Y": 75.12000274658203
        }
    ],
    "LoopDuration": 0,
    "LoopInterval": 0,
    "LoopIterations": 1,
    "LoopType": "TillLoopNumber",
    "MacroSchemaVersion": 3,
    "MergeConfigurations": [
    ],
    "RestartPlayer": false,
    "RestartPlayerAfterMinutes": 60,
    "Shortcut": "Ctrl + 5",
    "StopOnHomeScreen": false
}
