{
    "Acceleration": 5,
    "CreationTime": "20231130T171540",
    "DoNotShowWindowOnFinish": false,
    "Events": [
        {
            "Delta": 0,
            "EventType": "MouseDown",
            "Timestamp": 600,
            "X": 65.0199966430664,
            "Y": 56.290000915527344
        },
        {
            "Delta": 0,
            "EventType": "MouseMove",
            "Timestamp": 655,
            "X": 65.19999694824219,
            "Y": 56.290000915527344
        },
        {
            "Delta": 0,
            "EventType": "MouseMove",
            "Timestamp": 664,
            "X": 65.38999938964844,
            "Y": 56.290000915527344
        },
        {
            "Delta": 0,
            "EventType": "MouseMove",
            "Timestamp": 671,
            "X": 66.12000274658203,
            "Y": 56.290000915527344
        },
        {
            "Delta": 0,
            "EventType": "MouseMove",
            "Timestamp": 679,
            "X": 66.4800033569336,
            "Y": 56.290000915527344
        },
        {
            "Delta": 0,
            "EventType": "MouseMove",
            "Timestamp": 687,
            "X": 67.56999969482422,
            "Y": 56.290000915527344
        },
        {
            "Delta": 0,
            "EventType": "MouseMove",
            "Timestamp": 696,
            "X": 68.30000305175781,
            "Y": 56.290000915527344
        },
        {
            "Delta": 0,
            "EventType": "MouseMove",
            "Timestamp": 704,
            "X": 69.38999938964844,
            "Y": 56.290000915527344
        },
        {
            "Delta": 0,
            "EventType": "MouseMove",
            "Timestamp": 712,
            "X": 69.76000213623047,
            "Y": 56.290000915527344
        },
        {
            "Delta": 0,
            "EventType": "MouseMove",
            "Timestamp": 720,
            "X": 70.48999786376953,
            "Y": 56.290000915527344
        },
        {
            "Delta": 0,
            "EventType": "MouseMove",
            "Timestamp": 728,
            "X": 71.02999877929688,
            "Y": 56.09000015258789
        },
        {
            "Delta": 0,
            "EventType": "MouseMove",
            "Timestamp": 736,
            "X": 71.22000122070312,
            "Y": 56.09000015258789
        },
        {
            "Delta": 0,
            "EventType": "MouseMove",
            "Timestamp": 744,
            "X": 71.4000015258789,
            "Y": 56.09000015258789
        },
        {
            "Delta": 0,
            "EventType": "MouseMove",
            "Timestamp": 752,
            "X": 71.76000213623047,
            "Y": 56.09000015258789
        },
        {
            "Delta": 0,
            "EventType": "MouseMove",
            "Timestamp": 759,
            "X": 71.94000244140625,
            "Y": 56.09000015258789
        },
        {
            "Delta": 0,
            "EventType": "MouseMove",
            "Timestamp": 767,
            "X": 72.12999725341797,
            "Y": 56.09000015258789
        },
        {
            "Delta": 0,
            "EventType": "MouseMove",
            "Timestamp": 775,
            "X": 72.30999755859375,
            "Y": 56.09000015258789
        },
        {
            "Delta": 0,
            "EventType": "MouseMove",
            "Timestamp": 784,
            "X": 72.48999786376953,
            "Y": 56.09000015258789
        },
        {
            "Delta": 0,
            "EventType": "MouseMove",
            "Timestamp": 792,
            "X": 72.8499984741211,
            "Y": 56.09000015258789
        },
        {
            "Delta": 0,
            "EventType": "MouseMove",
            "Timestamp": 800,
            "X": 73.4000015258789,
            "Y": 56.189998626708984
        },
        {
            "Delta": 0,
            "EventType": "MouseMove",
            "Timestamp": 808,
            "X": 73.7699966430664,
            "Y": 56.189998626708984
        },
        {
            "Delta": 0,
            "EventType": "MouseMove",
            "Timestamp": 816,
            "X": 74.12999725341797,
            "Y": 56.189998626708984
        },
        {
            "Delta": 0,
            "EventType": "MouseMove",
            "Timestamp": 824,
            "X": 74.48999786376953,
            "Y": 56.189998626708984
        },
        {
            "Delta": 0,
            "EventType": "MouseMove",
            "Timestamp": 832,
            "X": 74.68000030517578,
            "Y": 56.189998626708984
        },
        {
            "Delta": 0,
            "EventType": "MouseMove",
            "Timestamp": 840,
            "X": 74.86000061035156,
            "Y": 56.189998626708984
        },
        {
            "Delta": 0,
            "EventType": "MouseMove",
            "Timestamp": 848,
            "X": 75.04000091552734,
            "Y": 56.189998626708984
        },
        {
            "Delta": 0,
            "EventType": "MouseMove",
            "Timestamp": 864,
            "X": 75.22000122070312,
            "Y": 56.189998626708984
        },
        {
            "Delta": 0,
            "EventType": "MouseMove",
            "Timestamp": 872,
            "X": 75.4000015258789,
            "Y": 56.189998626708984
        },
        {
            "Delta": 0,
            "EventType": "MouseMove",
            "Timestamp": 895,
            "X": 75.58999633789062,
            "Y": 56.189998626708984
        },
        {
            "Delta": 0,
            "EventType": "MouseMove",
            "Timestamp": 911,
            "X": 75.7699966430664,
            "Y": 56.189998626708984
        },
        {
            "Delta": 0,
            "EventType": "MouseMove",
            "Timestamp": 919,
            "X": 75.94999694824219,
            "Y": 56.189998626708984
        },
        {
            "Delta": 0,
            "EventType": "MouseMove",
            "Timestamp": 936,
            "X": 76.12999725341797,
            "Y": 56.189998626708984
        },
        {
            "Delta": 0,
            "EventType": "MouseMove",
            "Timestamp": 944,
            "X": 76.68000030517578,
            "Y": 56.189998626708984
        },
        {
            "Delta": 0,
            "EventType": "MouseMove",
            "Timestamp": 951,
            "X": 76.86000061035156,
            "Y": 56.189998626708984
        },
        {
            "Delta": 0,
            "EventType": "MouseMove",
            "Timestamp": 959,
            "X": 77.04000091552734,
            "Y": 56.189998626708984
        },
        {
            "Delta": 0,
            "EventType": "MouseMove",
            "Timestamp": 976,
            "X": 77.2300033569336,
            "Y": 56.189998626708984
        },
        {
            "Delta": 0,
            "EventType": "MouseMove",
            "Timestamp": 984,
            "X": 77.41000366210938,
            "Y": 56.189998626708984
        },
        {
            "Delta": 0,
            "EventType": "MouseMove",
            "Timestamp": 992,
            "X": 77.58999633789062,
            "Y": 56.189998626708984
        },
        {
            "Delta": 0,
            "EventType": "MouseMove",
            "Timestamp": 1040,
            "X": 77.7699966430664,
            "Y": 56.189998626708984
        },
        {
            "Delta": 0,
            "EventType": "MouseMove",
            "Timestamp": 1056,
            "X": 77.94999694824219,
            "Y": 56.189998626708984
        },
        {
            "Delta": 0,
            "EventType": "MouseMove",
            "Timestamp": 1088,
            "X": 78.13999938964844,
            "Y": 56.189998626708984
        },
        {
            "Delta": 0,
            "EventType": "MouseMove",
            "Timestamp": 1096,
            "X": 78.31999969482422,
            "Y": 56.189998626708984
        },
        {
            "Delta": 0,
            "EventType": "MouseMove",
            "Timestamp": 1112,
            "X": 78.5,
            "Y": 56.189998626708984
        },
        {
            "Delta": 0,
            "EventType": "MouseMove",
            "Timestamp": 1127,
            "X": 78.68000030517578,
            "Y": 56.189998626708984
        },
        {
            "Delta": 0,
            "EventType": "MouseMove",
            "Timestamp": 1144,
            "X": 78.87000274658203,
            "Y": 56.189998626708984
        },
        {
            "Delta": 0,
            "EventType": "MouseMove",
            "Timestamp": 1176,
            "X": 79.2300033569336,
            "Y": 56.189998626708984
        },
        {
            "Delta": 0,
            "EventType": "MouseMove",
            "Timestamp": 1223,
            "X": 79.41000366210938,
            "Y": 56.189998626708984
        },
        {
            "Delta": 0,
            "EventType": "MouseMove",
            "Timestamp": 1231,
            "X": 79.58999633789062,
            "Y": 56.189998626708984
        },
        {
            "Delta": 0,
            "EventType": "MouseMove",
            "Timestamp": 1240,
            "X": 79.58999633789062,
            "Y": 56.290000915527344
        },
        {
            "Delta": 0,
            "EventType": "MouseMove",
            "Timestamp": 1247,
            "X": 79.77999877929688,
            "Y": 56.290000915527344
        },
        {
            "Delta": 0,
            "EventType": "MouseMove",
            "Timestamp": 1255,
            "X": 79.95999908447266,
            "Y": 56.290000915527344
        },
        {
            "Delta": 0,
            "EventType": "MouseMove",
            "Timestamp": 1272,
            "X": 80.13999938964844,
            "Y": 56.290000915527344
        },
        {
            "Delta": 0,
            "EventType": "MouseMove",
            "Timestamp": 1288,
            "X": 80.31999969482422,
            "Y": 56.290000915527344
        },
        {
            "Delta": 0,
            "EventType": "MouseMove",
            "Timestamp": 1304,
            "X": 80.51000213623047,
            "Y": 56.290000915527344
        },
        {
            "Delta": 0,
            "EventType": "MouseMove",
            "Timestamp": 1351,
            "X": 80.69000244140625,
            "Y": 56.290000915527344
        },
        {
            "Delta": 0,
            "EventType": "MouseUp",
            "Timestamp": 1433,
            "X": 80.69000244140625,
            "Y": 56.290000915527344
        }
    ],
    "LoopDuration": 0,
    "LoopInterval": 0,
    "LoopIterations": 1,
    "LoopType": "TillLoopNumber",
    "MacroSchemaVersion": 3,
    "MergeConfigurations": [
    ],
    "RestartPlayer": false,
    "RestartPlayerAfterMinutes": 60,
    "Shortcut": "Ctrl + J",
    "StopOnHomeScreen": false
}
