{
    "Acceleration": 5,
    "CreationTime": "20231130T171445",
    "DoNotShowWindowOnFinish": false,
    "Events": [
        {
            "Delta": 0,
            "EventType": "MouseDown",
            "Timestamp": 460,
            "X": 46.630001068115234,
            "Y": 55.56999969482422
        },
        {
            "Delta": 0,
            "EventType": "MouseMove",
            "Timestamp": 484,
            "X": 46.630001068115234,
            "Y": 55.369998931884766
        },
        {
            "Delta": 0,
            "EventType": "MouseMove",
            "Timestamp": 524,
            "X": 46.630001068115234,
            "Y": 55.15999984741211
        },
        {
            "Delta": 0,
            "EventType": "MouseMove",
            "Timestamp": 532,
            "X": 46.810001373291016,
            "Y": 54.959999084472656
        },
        {
            "Delta": 0,
            "EventType": "MouseMove",
            "Timestamp": 539,
            "X": 46.810001373291016,
            "Y": 54.54999923706055
        },
        {
            "Delta": 0,
            "EventType": "MouseMove",
            "Timestamp": 548,
            "X": 46.9900016784668,
            "Y": 54.2400016784668
        },
        {
            "Delta": 0,
            "EventType": "MouseMove",
            "Timestamp": 555,
            "X": 46.9900016784668,
            "Y": 53.83000183105469
        },
        {
            "Delta": 0,
            "EventType": "MouseMove",
            "Timestamp": 564,
            "X": 47.16999816894531,
            "Y": 53.41999816894531
        },
        {
            "Delta": 0,
            "EventType": "MouseMove",
            "Timestamp": 572,
            "X": 47.16999816894531,
            "Y": 52.810001373291016
        },
        {
            "Delta": 0,
            "EventType": "MouseMove",
            "Timestamp": 580,
            "X": 47.540000915527344,
            "Y": 52.400001525878906
        },
        {
            "Delta": 0,
            "EventType": "MouseMove",
            "Timestamp": 587,
            "X": 47.540000915527344,
            "Y": 52.20000076293945
        },
        {
            "Delta": 0,
            "EventType": "MouseMove",
            "Timestamp": 596,
            "X": 47.720001220703125,
            "Y": 51.88999938964844
        },
        {
            "Delta": 0,
            "EventType": "MouseMove",
            "Timestamp": 604,
            "X": 47.720001220703125,
            "Y": 51.68000030517578
        },
        {
            "Delta": 0,
            "EventType": "MouseMove",
            "Timestamp": 611,
            "X": 47.720001220703125,
            "Y": 51.380001068115234
        },
        {
            "Delta": 0,
            "EventType": "MouseMove",
            "Timestamp": 619,
            "X": 47.900001525878906,
            "Y": 51.16999816894531
        },
        {
            "Delta": 0,
            "EventType": "MouseMove",
            "Timestamp": 628,
            "X": 47.900001525878906,
            "Y": 51.06999969482422
        },
        {
            "Delta": 0,
            "EventType": "MouseMove",
            "Timestamp": 636,
            "X": 47.900001525878906,
            "Y": 50.869998931884766
        },
        {
            "Delta": 0,
            "EventType": "MouseMove",
            "Timestamp": 644,
            "X": 47.900001525878906,
            "Y": 50.560001373291016
        },
        {
            "Delta": 0,
            "EventType": "MouseMove",
            "Timestamp": 652,
            "X": 47.900001525878906,
            "Y": 50.349998474121094
        },
        {
            "Delta": 0,
            "EventType": "MouseMove",
            "Timestamp": 660,
            "X": 47.900001525878906,
            "Y": 50.04999923706055
        },
        {
            "Delta": 0,
            "EventType": "MouseMove",
            "Timestamp": 668,
            "X": 47.900001525878906,
            "Y": 49.84000015258789
        },
        {
            "Delta": 0,
            "EventType": "MouseMove",
            "Timestamp": 676,
            "X": 47.900001525878906,
            "Y": 49.7400016784668
        },
        {
            "Delta": 0,
            "EventType": "MouseMove",
            "Timestamp": 684,
            "X": 47.900001525878906,
            "Y": 49.529998779296875
        },
        {
            "Delta": 0,
            "EventType": "MouseMove",
            "Timestamp": 692,
            "X": 47.900001525878906,
            "Y": 49.22999954223633
        },
        {
            "Delta": 0,
            "EventType": "MouseMove",
            "Timestamp": 708,
            "X": 47.900001525878906,
            "Y": 49.02000045776367
        },
        {
            "Delta": 0,
            "EventType": "MouseMove",
            "Timestamp": 716,
            "X": 47.900001525878906,
            "Y": 48.91999816894531
        },
        {
            "Delta": 0,
            "EventType": "MouseMove",
            "Timestamp": 724,
            "X": 47.900001525878906,
            "Y": 48.81999969482422
        },
        {
            "Delta": 0,
            "EventType": "MouseMove",
            "Timestamp": 732,
            "X": 47.900001525878906,
            "Y": 48.720001220703125
        },
        {
            "Delta": 0,
            "EventType": "MouseMove",
            "Timestamp": 740,
            "X": 47.900001525878906,
            "Y": 48.61000061035156
        },
        {
            "Delta": 0,
            "EventType": "MouseMove",
            "Timestamp": 748,
            "X": 47.900001525878906,
            "Y": 48.40999984741211
        },
        {
            "Delta": 0,
            "EventType": "MouseMove",
            "Timestamp": 756,
            "X": 47.900001525878906,
            "Y": 48.310001373291016
        },
        {
            "Delta": 0,
            "EventType": "MouseMove",
            "Timestamp": 764,
            "X": 47.900001525878906,
            "Y": 48.099998474121094
        },
        {
            "Delta": 0,
            "EventType": "MouseMove",
            "Timestamp": 772,
            "X": 47.900001525878906,
            "Y": 48
        },
        {
            "Delta": 0,
            "EventType": "MouseMove",
            "Timestamp": 780,
            "X": 47.900001525878906,
            "Y": 47.900001525878906
        },
        {
            "Delta": 0,
            "EventType": "MouseMove",
            "Timestamp": 796,
            "X": 47.900001525878906,
            "Y": 47.689998626708984
        },
        {
            "Delta": 0,
            "EventType": "MouseMove",
            "Timestamp": 812,
            "X": 47.900001525878906,
            "Y": 47.59000015258789
        },
        {
            "Delta": 0,
            "EventType": "MouseMove",
            "Timestamp": 820,
            "X": 47.900001525878906,
            "Y": 47.4900016784668
        },
        {
            "Delta": 0,
            "EventType": "MouseMove",
            "Timestamp": 828,
            "X": 47.900001525878906,
            "Y": 47.380001068115234
        },
        {
            "Delta": 0,
            "EventType": "MouseMove",
            "Timestamp": 836,
            "X": 47.900001525878906,
            "Y": 47.18000030517578
        },
        {
            "Delta": 0,
            "EventType": "MouseMove",
            "Timestamp": 844,
            "X": 47.900001525878906,
            "Y": 47.08000183105469
        },
        {
            "Delta": 0,
            "EventType": "MouseMove",
            "Timestamp": 860,
            "X": 47.900001525878906,
            "Y": 46.97999954223633
        },
        {
            "Delta": 0,
            "EventType": "MouseMove",
            "Timestamp": 868,
            "X": 47.900001525878906,
            "Y": 46.869998931884766
        },
        {
            "Delta": 0,
            "EventType": "MouseMove",
            "Timestamp": 876,
            "X": 47.900001525878906,
            "Y": 46.77000045776367
        },
        {
            "Delta": 0,
            "EventType": "MouseMove",
            "Timestamp": 884,
            "X": 47.900001525878906,
            "Y": 46.66999816894531
        },
        {
            "Delta": 0,
            "EventType": "MouseMove",
            "Timestamp": 892,
            "X": 47.900001525878906,
            "Y": 46.56999969482422
        },
        {
            "Delta": 0,
            "EventType": "MouseMove",
            "Timestamp": 900,
            "X": 47.900001525878906,
            "Y": 46.459999084472656
        },
        {
            "Delta": 0,
            "EventType": "MouseMove",
            "Timestamp": 908,
            "X": 47.900001525878906,
            "Y": 46.36000061035156
        },
        {
            "Delta": 0,
            "EventType": "MouseMove",
            "Timestamp": 915,
            "X": 47.900001525878906,
            "Y": 46.2599983215332
        },
        {
            "Delta": 0,
            "EventType": "MouseMove",
            "Timestamp": 924,
            "X": 48.08000183105469,
            "Y": 46.15999984741211
        },
        {
            "Delta": 0,
            "EventType": "MouseMove",
            "Timestamp": 932,
            "X": 48.08000183105469,
            "Y": 46.04999923706055
        },
        {
            "Delta": 0,
            "EventType": "MouseMove",
            "Timestamp": 940,
            "X": 48.08000183105469,
            "Y": 45.75
        },
        {
            "Delta": 0,
            "EventType": "MouseMove",
            "Timestamp": 947,
            "X": 48.08000183105469,
            "Y": 45.63999938964844
        },
        {
            "Delta": 0,
            "EventType": "MouseMove",
            "Timestamp": 956,
            "X": 48.08000183105469,
            "Y": 45.540000915527344
        },
        {
            "Delta": 0,
            "EventType": "MouseMove",
            "Timestamp": 963,
            "X": 48.08000183105469,
            "Y": 45.439998626708984
        },
        {
            "Delta": 0,
            "EventType": "MouseMove",
            "Timestamp": 1004,
            "X": 48.08000183105469,
            "Y": 45.34000015258789
        },
        {
            "Delta": 0,
            "EventType": "MouseUp",
            "Timestamp": 1132,
            "X": 48.08000183105469,
            "Y": 45.34000015258789
        }
    ],
    "LoopDuration": 0,
    "LoopInterval": 0,
    "LoopIterations": 1,
    "LoopType": "TillLoopNumber",
    "MacroSchemaVersion": 3,
    "MergeConfigurations": [
    ],
    "RestartPlayer": false,
    "RestartPlayerAfterMinutes": 60,
    "Shortcut": "Ctrl + G",
    "StopOnHomeScreen": false
}
