{
    "Acceleration": 5,
    "CreationTime": "20231130T171243",
    "DoNotShowWindowOnFinish": false,
    "Events": [
        {
            "Delta": 0,
            "EventType": "MouseDown",
            "Timestamp": 601,
            "X": 14.020000457763672,
            "Y": 54.959999084472656
        },
        {
            "Delta": 0,
            "EventType": "MouseMove",
            "Timestamp": 697,
            "X": 14.020000457763672,
            "Y": 55.060001373291016
        },
        {
            "Delta": 0,
            "EventType": "MouseMove",
            "Timestamp": 705,
            "X": 14.020000457763672,
            "Y": 55.27000045776367
        },
        {
            "Delta": 0,
            "EventType": "MouseMove",
            "Timestamp": 714,
            "X": 14.020000457763672,
            "Y": 55.56999969482422
        },
        {
            "Delta": 0,
            "EventType": "MouseMove",
            "Timestamp": 722,
            "X": 14.020000457763672,
            "Y": 55.779998779296875
        },
        {
            "Delta": 0,
            "EventType": "MouseMove",
            "Timestamp": 730,
            "X": 14.020000457763672,
            "Y": 55.880001068115234
        },
        {
            "Delta": 0,
            "EventType": "MouseMove",
            "Timestamp": 738,
            "X": 14.020000457763672,
            "Y": 55.97999954223633
        },
        {
            "Delta": 0,
            "EventType": "MouseMove",
            "Timestamp": 745,
            "X": 14.020000457763672,
            "Y": 56.290000915527344
        },
        {
            "Delta": 0,
            "EventType": "MouseMove",
            "Timestamp": 754,
            "X": 14.020000457763672,
            "Y": 56.38999938964844
        },
        {
            "Delta": 0,
            "EventType": "MouseMove",
            "Timestamp": 761,
            "X": 14.020000457763672,
            "Y": 56.4900016784668
        },
        {
            "Delta": 0,
            "EventType": "MouseMove",
            "Timestamp": 769,
            "X": 14.020000457763672,
            "Y": 56.599998474121094
        },
        {
            "Delta": 0,
            "EventType": "MouseMove",
            "Timestamp": 777,
            "X": 14.020000457763672,
            "Y": 56.70000076293945
        },
        {
            "Delta": 0,
            "EventType": "MouseMove",
            "Timestamp": 785,
            "X": 13.84000015258789,
            "Y": 56.79999923706055
        },
        {
            "Delta": 0,
            "EventType": "MouseMove",
            "Timestamp": 801,
            "X": 13.84000015258789,
            "Y": 56.900001525878906
        },
        {
            "Delta": 0,
            "EventType": "MouseMove",
            "Timestamp": 817,
            "X": 13.84000015258789,
            "Y": 57.11000061035156
        },
        {
            "Delta": 0,
            "EventType": "MouseMove",
            "Timestamp": 825,
            "X": 13.84000015258789,
            "Y": 57.41999816894531
        },
        {
            "Delta": 0,
            "EventType": "MouseMove",
            "Timestamp": 833,
            "X": 13.84000015258789,
            "Y": 57.619998931884766
        },
        {
            "Delta": 0,
            "EventType": "MouseMove",
            "Timestamp": 841,
            "X": 13.84000015258789,
            "Y": 57.93000030517578
        },
        {
            "Delta": 0,
            "EventType": "MouseMove",
            "Timestamp": 849,
            "X": 13.84000015258789,
            "Y": 58.130001068115234
        },
        {
            "Delta": 0,
            "EventType": "MouseMove",
            "Timestamp": 857,
            "X": 13.84000015258789,
            "Y": 58.34000015258789
        },
        {
            "Delta": 0,
            "EventType": "MouseMove",
            "Timestamp": 866,
            "X": 13.84000015258789,
            "Y": 58.439998626708984
        },
        {
            "Delta": 0,
            "EventType": "MouseMove",
            "Timestamp": 873,
            "X": 13.84000015258789,
            "Y": 58.75
        },
        {
            "Delta": 0,
            "EventType": "MouseMove",
            "Timestamp": 881,
            "X": 13.84000015258789,
            "Y": 58.95000076293945
        },
        {
            "Delta": 0,
            "EventType": "MouseMove",
            "Timestamp": 889,
            "X": 13.84000015258789,
            "Y": 59.04999923706055
        },
        {
            "Delta": 0,
            "EventType": "MouseMove",
            "Timestamp": 897,
            "X": 13.84000015258789,
            "Y": 59.15999984741211
        },
        {
            "Delta": 0,
            "EventType": "MouseMove",
            "Timestamp": 906,
            "X": 13.84000015258789,
            "Y": 59.36000061035156
        },
        {
            "Delta": 0,
            "EventType": "MouseMove",
            "Timestamp": 921,
            "X": 13.84000015258789,
            "Y": 59.56999969482422
        },
        {
            "Delta": 0,
            "EventType": "MouseMove",
            "Timestamp": 929,
            "X": 13.84000015258789,
            "Y": 59.66999816894531
        },
        {
            "Delta": 0,
            "EventType": "MouseMove",
            "Timestamp": 938,
            "X": 13.84000015258789,
            "Y": 59.869998931884766
        },
        {
            "Delta": 0,
            "EventType": "MouseMove",
            "Timestamp": 954,
            "X": 13.84000015258789,
            "Y": 59.970001220703125
        },
        {
            "Delta": 0,
            "EventType": "MouseMove",
            "Timestamp": 961,
            "X": 13.84000015258789,
            "Y": 60.08000183105469
        },
        {
            "Delta": 0,
            "EventType": "MouseMove",
            "Timestamp": 969,
            "X": 13.84000015258789,
            "Y": 60.18000030517578
        },
        {
            "Delta": 0,
            "EventType": "MouseMove",
            "Timestamp": 977,
            "X": 13.84000015258789,
            "Y": 60.380001068115234
        },
        {
            "Delta": 0,
            "EventType": "MouseMove",
            "Timestamp": 985,
            "X": 13.84000015258789,
            "Y": 60.689998626708984
        },
        {
            "Delta": 0,
            "EventType": "MouseMove",
            "Timestamp": 993,
            "X": 13.84000015258789,
            "Y": 60.900001525878906
        },
        {
            "Delta": 0,
            "EventType": "MouseMove",
            "Timestamp": 1002,
            "X": 13.84000015258789,
            "Y": 61.310001373291016
        },
        {
            "Delta": 0,
            "EventType": "MouseMove",
            "Timestamp": 1010,
            "X": 13.84000015258789,
            "Y": 61.61000061035156
        },
        {
            "Delta": 0,
            "EventType": "MouseMove",
            "Timestamp": 1018,
            "X": 13.84000015258789,
            "Y": 62.02000045776367
        },
        {
            "Delta": 0,
            "EventType": "MouseMove",
            "Timestamp": 1026,
            "X": 13.84000015258789,
            "Y": 62.22999954223633
        },
        {
            "Delta": 0,
            "EventType": "MouseMove",
            "Timestamp": 1034,
            "X": 13.84000015258789,
            "Y": 62.33000183105469
        },
        {
            "Delta": 0,
            "EventType": "MouseMove",
            "Timestamp": 1041,
            "X": 13.84000015258789,
            "Y": 62.529998779296875
        },
        {
            "Delta": 0,
            "EventType": "MouseMove",
            "Timestamp": 1049,
            "X": 13.84000015258789,
            "Y": 62.63999938964844
        },
        {
            "Delta": 0,
            "EventType": "MouseMove",
            "Timestamp": 1057,
            "X": 13.84000015258789,
            "Y": 62.7400016784668
        },
        {
            "Delta": 0,
            "EventType": "MouseMove",
            "Timestamp": 1066,
            "X": 13.84000015258789,
            "Y": 62.84000015258789
        },
        {
            "Delta": 0,
            "EventType": "MouseMove",
            "Timestamp": 1073,
            "X": 13.84000015258789,
            "Y": 63.04999923706055
        },
        {
            "Delta": 0,
            "EventType": "MouseMove",
            "Timestamp": 1081,
            "X": 13.84000015258789,
            "Y": 63.25
        },
        {
            "Delta": 0,
            "EventType": "MouseMove",
            "Timestamp": 1090,
            "X": 13.84000015258789,
            "Y": 63.349998474121094
        },
        {
            "Delta": 0,
            "EventType": "MouseMove",
            "Timestamp": 1098,
            "X": 13.84000015258789,
            "Y": 63.45000076293945
        },
        {
            "Delta": 0,
            "EventType": "MouseMove",
            "Timestamp": 1106,
            "X": 13.84000015258789,
            "Y": 63.560001373291016
        },
        {
            "Delta": 0,
            "EventType": "MouseMove",
            "Timestamp": 1114,
            "X": 13.84000015258789,
            "Y": 63.65999984741211
        },
        {
            "Delta": 0,
            "EventType": "MouseMove",
            "Timestamp": 1122,
            "X": 13.84000015258789,
            "Y": 63.86000061035156
        },
        {
            "Delta": 0,
            "EventType": "MouseMove",
            "Timestamp": 1130,
            "X": 13.84000015258789,
            "Y": 63.970001220703125
        },
        {
            "Delta": 0,
            "EventType": "MouseMove",
            "Timestamp": 1138,
            "X": 13.84000015258789,
            "Y": 64.06999969482422
        },
        {
            "Delta": 0,
            "EventType": "MouseMove",
            "Timestamp": 1146,
            "X": 13.84000015258789,
            "Y": 64.37999725341797
        },
        {
            "Delta": 0,
            "EventType": "MouseMove",
            "Timestamp": 1162,
            "X": 13.84000015258789,
            "Y": 64.4800033569336
        },
        {
            "Delta": 0,
            "EventType": "MouseMove",
            "Timestamp": 1182,
            "X": 13.84000015258789,
            "Y": 64.58000183105469
        },
        {
            "Delta": 0,
            "EventType": "MouseMove",
            "Timestamp": 1189,
            "X": 13.65999984741211,
            "Y": 64.58000183105469
        },
        {
            "Delta": 0,
            "EventType": "MouseMove",
            "Timestamp": 1201,
            "X": 13.65999984741211,
            "Y": 64.68000030517578
        },
        {
            "Delta": 0,
            "EventType": "MouseMove",
            "Timestamp": 1210,
            "X": 13.65999984741211,
            "Y": 64.79000091552734
        },
        {
            "Delta": 0,
            "EventType": "MouseMove",
            "Timestamp": 1218,
            "X": 13.65999984741211,
            "Y": 64.88999938964844
        },
        {
            "Delta": 0,
            "EventType": "MouseMove",
            "Timestamp": 1226,
            "X": 13.65999984741211,
            "Y": 65.08999633789062
        },
        {
            "Delta": 0,
            "EventType": "MouseMove",
            "Timestamp": 1234,
            "X": 13.65999984741211,
            "Y": 65.19000244140625
        },
        {
            "Delta": 0,
            "EventType": "MouseMove",
            "Timestamp": 1242,
            "X": 13.65999984741211,
            "Y": 65.30000305175781
        },
        {
            "Delta": 0,
            "EventType": "MouseMove",
            "Timestamp": 1250,
            "X": 13.65999984741211,
            "Y": 65.5
        },
        {
            "Delta": 0,
            "EventType": "MouseMove",
            "Timestamp": 1257,
            "X": 13.65999984741211,
            "Y": 65.5999984741211
        },
        {
            "Delta": 0,
            "EventType": "MouseMove",
            "Timestamp": 1274,
            "X": 13.65999984741211,
            "Y": 65.70999908447266
        },
        {
            "Delta": 0,
            "EventType": "MouseUp",
            "Timestamp": 1409,
            "X": 13.65999984741211,
            "Y": 65.70999908447266
        }
    ],
    "LoopDuration": 0,
    "LoopInterval": 0,
    "LoopIterations": 1,
    "LoopType": "TillLoopNumber",
    "MacroSchemaVersion": 3,
    "MergeConfigurations": [
    ],
    "RestartPlayer": false,
    "RestartPlayerAfterMinutes": 60,
    "Shortcut": "6",
    "StopOnHomeScreen": false
}
