{
    "Acceleration": 5,
    "CreationTime": "20231130T173251",
    "DoNotShowWindowOnFinish": false,
    "Events": [
        {
            "Delta": 0,
            "EventType": "MouseDown",
            "Timestamp": 870,
            "X": 48.08000183105469,
            "Y": 83.41000366210938
        },
        {
            "Delta": 0,
            "EventType": "MouseMove",
            "Timestamp": 938,
            "X": 48.08000183105469,
            "Y": 83.20999908447266
        },
        {
            "Delta": 0,
            "EventType": "MouseMove",
            "Timestamp": 946,
            "X": 48.08000183105469,
            "Y": 82.80000305175781
        },
        {
            "Delta": 0,
            "EventType": "MouseMove",
            "Timestamp": 954,
            "X": 48.08000183105469,
            "Y": 82.58999633789062
        },
        {
            "Delta": 0,
            "EventType": "MouseMove",
            "Timestamp": 962,
            "X": 48.08000183105469,
            "Y": 82.48999786376953
        },
        {
            "Delta": 0,
            "EventType": "MouseMove",
            "Timestamp": 970,
            "X": 48.2599983215332,
            "Y": 82.19000244140625
        },
        {
            "Delta": 0,
            "EventType": "MouseMove",
            "Timestamp": 978,
            "X": 48.2599983215332,
            "Y": 82.08000183105469
        },
        {
            "Delta": 0,
            "EventType": "MouseMove",
            "Timestamp": 994,
            "X": 48.2599983215332,
            "Y": 81.9800033569336
        },
        {
            "Delta": 0,
            "EventType": "MouseMove",
            "Timestamp": 1003,
            "X": 48.2599983215332,
            "Y": 81.87999725341797
        },
        {
            "Delta": 0,
            "EventType": "MouseMove",
            "Timestamp": 1010,
            "X": 48.2599983215332,
            "Y": 81.66999816894531
        },
        {
            "Delta": 0,
            "EventType": "MouseMove",
            "Timestamp": 1018,
            "X": 48.2599983215332,
            "Y": 81.56999969482422
        },
        {
            "Delta": 0,
            "EventType": "MouseMove",
            "Timestamp": 1026,
            "X": 48.2599983215332,
            "Y": 81.47000122070312
        },
        {
            "Delta": 0,
            "EventType": "MouseMove",
            "Timestamp": 1034,
            "X": 48.2599983215332,
            "Y": 81.37000274658203
        },
        {
            "Delta": 0,
            "EventType": "MouseMove",
            "Timestamp": 1042,
            "X": 48.2599983215332,
            "Y": 81.05999755859375
        },
        {
            "Delta": 0,
            "EventType": "MouseMove",
            "Timestamp": 1051,
            "X": 48.2599983215332,
            "Y": 80.95999908447266
        },
        {
            "Delta": 0,
            "EventType": "MouseMove",
            "Timestamp": 1066,
            "X": 48.2599983215332,
            "Y": 80.8499984741211
        },
        {
            "Delta": 0,
            "EventType": "MouseMove",
            "Timestamp": 1074,
            "X": 48.2599983215332,
            "Y": 80.75
        },
        {
            "Delta": 0,
            "EventType": "MouseMove",
            "Timestamp": 1082,
            "X": 48.2599983215332,
            "Y": 80.6500015258789
        },
        {
            "Delta": 0,
            "EventType": "MouseMove",
            "Timestamp": 1090,
            "X": 48.2599983215332,
            "Y": 80.55000305175781
        },
        {
            "Delta": 0,
            "EventType": "MouseMove",
            "Timestamp": 1098,
            "X": 48.2599983215332,
            "Y": 80.44999694824219
        },
        {
            "Delta": 0,
            "EventType": "MouseMove",
            "Timestamp": 1106,
            "X": 48.2599983215332,
            "Y": 80.23999786376953
        },
        {
            "Delta": 0,
            "EventType": "MouseMove",
            "Timestamp": 1114,
            "X": 48.2599983215332,
            "Y": 80.13999938964844
        },
        {
            "Delta": 0,
            "EventType": "MouseMove",
            "Timestamp": 1122,
            "X": 48.2599983215332,
            "Y": 79.83000183105469
        },
        {
            "Delta": 0,
            "EventType": "MouseMove",
            "Timestamp": 1130,
            "X": 48.2599983215332,
            "Y": 79.62999725341797
        },
        {
            "Delta": 0,
            "EventType": "MouseMove",
            "Timestamp": 1138,
            "X": 48.2599983215332,
            "Y": 79.5199966430664
        },
        {
            "Delta": 0,
            "EventType": "MouseMove",
            "Timestamp": 1146,
            "X": 48.2599983215332,
            "Y": 79.41999816894531
        },
        {
            "Delta": 0,
            "EventType": "MouseMove",
            "Timestamp": 1154,
            "X": 48.2599983215332,
            "Y": 79.31999969482422
        },
        {
            "Delta": 0,
            "EventType": "MouseMove",
            "Timestamp": 1162,
            "X": 48.2599983215332,
            "Y": 79.22000122070312
        },
        {
            "Delta": 0,
            "EventType": "MouseMove",
            "Timestamp": 1174,
            "X": 48.2599983215332,
            "Y": 79.11000061035156
        },
        {
            "Delta": 0,
            "EventType": "MouseMove",
            "Timestamp": 1183,
            "X": 48.2599983215332,
            "Y": 78.80999755859375
        },
        {
            "Delta": 0,
            "EventType": "MouseMove",
            "Timestamp": 1190,
            "X": 48.2599983215332,
            "Y": 78.70999908447266
        },
        {
            "Delta": 0,
            "EventType": "MouseMove",
            "Timestamp": 1198,
            "X": 48.2599983215332,
            "Y": 78.5999984741211
        },
        {
            "Delta": 0,
            "EventType": "MouseMove",
            "Timestamp": 1206,
            "X": 48.2599983215332,
            "Y": 78.4000015258789
        },
        {
            "Delta": 0,
            "EventType": "MouseMove",
            "Timestamp": 1214,
            "X": 48.2599983215332,
            "Y": 78.30000305175781
        },
        {
            "Delta": 0,
            "EventType": "MouseMove",
            "Timestamp": 1222,
            "X": 48.2599983215332,
            "Y": 78.19000244140625
        },
        {
            "Delta": 0,
            "EventType": "MouseMove",
            "Timestamp": 1230,
            "X": 48.2599983215332,
            "Y": 78.08999633789062
        },
        {
            "Delta": 0,
            "EventType": "MouseMove",
            "Timestamp": 1237,
            "X": 48.2599983215332,
            "Y": 77.98999786376953
        },
        {
            "Delta": 0,
            "EventType": "MouseMove",
            "Timestamp": 1246,
            "X": 48.2599983215332,
            "Y": 77.88999938964844
        },
        {
            "Delta": 0,
            "EventType": "MouseMove",
            "Timestamp": 1253,
            "X": 48.2599983215332,
            "Y": 77.68000030517578
        },
        {
            "Delta": 0,
            "EventType": "MouseMove",
            "Timestamp": 1262,
            "X": 48.2599983215332,
            "Y": 77.58000183105469
        },
        {
            "Delta": 0,
            "EventType": "MouseMove",
            "Timestamp": 1270,
            "X": 48.2599983215332,
            "Y": 77.4800033569336
        },
        {
            "Delta": 0,
            "EventType": "MouseMove",
            "Timestamp": 1278,
            "X": 48.2599983215332,
            "Y": 77.37000274658203
        },
        {
            "Delta": 0,
            "EventType": "MouseMove",
            "Timestamp": 1287,
            "X": 48.2599983215332,
            "Y": 77.2699966430664
        },
        {
            "Delta": 0,
            "EventType": "MouseMove",
            "Timestamp": 1294,
            "X": 48.45000076293945,
            "Y": 77.16999816894531
        },
        {
            "Delta": 0,
            "EventType": "MouseMove",
            "Timestamp": 1302,
            "X": 48.45000076293945,
            "Y": 77.06999969482422
        },
        {
            "Delta": 0,
            "EventType": "MouseMove",
            "Timestamp": 1309,
            "X": 48.45000076293945,
            "Y": 76.97000122070312
        },
        {
            "Delta": 0,
            "EventType": "MouseMove",
            "Timestamp": 1318,
            "X": 48.45000076293945,
            "Y": 76.86000061035156
        },
        {
            "Delta": 0,
            "EventType": "MouseMove",
            "Timestamp": 1334,
            "X": 48.45000076293945,
            "Y": 76.76000213623047
        },
        {
            "Delta": 0,
            "EventType": "MouseMove",
            "Timestamp": 1350,
            "X": 48.45000076293945,
            "Y": 76.66000366210938
        },
        {
            "Delta": 0,
            "EventType": "MouseMove",
            "Timestamp": 1367,
            "X": 48.45000076293945,
            "Y": 76.55999755859375
        },
        {
            "Delta": 0,
            "EventType": "MouseMove",
            "Timestamp": 1374,
            "X": 48.45000076293945,
            "Y": 76.44999694824219
        },
        {
            "Delta": 0,
            "EventType": "MouseMove",
            "Timestamp": 1391,
            "X": 48.45000076293945,
            "Y": 76.3499984741211
        },
        {
            "Delta": 0,
            "EventType": "MouseMove",
            "Timestamp": 1398,
            "X": 48.45000076293945,
            "Y": 76.25
        },
        {
            "Delta": 0,
            "EventType": "MouseMove",
            "Timestamp": 1406,
            "X": 48.45000076293945,
            "Y": 76.04000091552734
        },
        {
            "Delta": 0,
            "EventType": "MouseMove",
            "Timestamp": 1414,
            "X": 48.45000076293945,
            "Y": 75.94000244140625
        },
        {
            "Delta": 0,
            "EventType": "MouseMove",
            "Timestamp": 1430,
            "X": 48.45000076293945,
            "Y": 75.83999633789062
        },
        {
            "Delta": 0,
            "EventType": "MouseMove",
            "Timestamp": 1470,
            "X": 48.45000076293945,
            "Y": 75.73999786376953
        },
        {
            "Delta": 0,
            "EventType": "MouseMove",
            "Timestamp": 1478,
            "X": 48.45000076293945,
            "Y": 75.62999725341797
        },
        {
            "Delta": 0,
            "EventType": "MouseMove",
            "Timestamp": 1486,
            "X": 48.45000076293945,
            "Y": 75.52999877929688
        },
        {
            "Delta": 0,
            "EventType": "MouseMove",
            "Timestamp": 1502,
            "X": 48.45000076293945,
            "Y": 75.43000030517578
        },
        {
            "Delta": 0,
            "EventType": "MouseMove",
            "Timestamp": 1511,
            "X": 48.45000076293945,
            "Y": 75.33000183105469
        },
        {
            "Delta": 0,
            "EventType": "MouseMove",
            "Timestamp": 1526,
            "X": 48.45000076293945,
            "Y": 75.2300033569336
        },
        {
            "Delta": 0,
            "EventType": "MouseMove",
            "Timestamp": 1550,
            "X": 48.45000076293945,
            "Y": 75.12000274658203
        },
        {
            "Delta": 0,
            "EventType": "MouseMove",
            "Timestamp": 1566,
            "X": 48.45000076293945,
            "Y": 75.0199966430664
        },
        {
            "Delta": 0,
            "EventType": "MouseMove",
            "Timestamp": 1574,
            "X": 48.45000076293945,
            "Y": 74.91999816894531
        },
        {
            "Delta": 0,
            "EventType": "MouseMove",
            "Timestamp": 1590,
            "X": 48.45000076293945,
            "Y": 74.81999969482422
        },
        {
            "Delta": 0,
            "EventType": "MouseUp",
            "Timestamp": 1726,
            "X": 48.45000076293945,
            "Y": 74.81999969482422
        }
    ],
    "LoopDuration": 0,
    "LoopInterval": 0,
    "LoopIterations": 1,
    "LoopType": "TillLoopNumber",
    "MacroSchemaVersion": 3,
    "MergeConfigurations": [
    ],
    "RestartPlayer": false,
    "RestartPlayerAfterMinutes": 60,
    "Shortcut": "Alt + X",
    "StopOnHomeScreen": false
}
