{
    "Acceleration": 5,
    "CreationTime": "20231130T173321",
    "DoNotShowWindowOnFinish": false,
    "Events": [
        {
            "Delta": 0,
            "EventType": "MouseDown",
            "Timestamp": 812,
            "X": 64.11000061035156,
            "Y": 84.12999725341797
        },
        {
            "Delta": 0,
            "EventType": "MouseMove",
            "Timestamp": 883,
            "X": 64.11000061035156,
            "Y": 83.81999969482422
        },
        {
            "Delta": 0,
            "EventType": "MouseMove",
            "Timestamp": 890,
            "X": 64.11000061035156,
            "Y": 83.72000122070312
        },
        {
            "Delta": 0,
            "EventType": "MouseMove",
            "Timestamp": 898,
            "X": 64.11000061035156,
            "Y": 83.5199966430664
        },
        {
            "Delta": 0,
            "EventType": "MouseMove",
            "Timestamp": 907,
            "X": 64.11000061035156,
            "Y": 83.30999755859375
        },
        {
            "Delta": 0,
            "EventType": "MouseMove",
            "Timestamp": 915,
            "X": 64.11000061035156,
            "Y": 83.20999908447266
        },
        {
            "Delta": 0,
            "EventType": "MouseMove",
            "Timestamp": 923,
            "X": 64.11000061035156,
            "Y": 82.9000015258789
        },
        {
            "Delta": 0,
            "EventType": "MouseMove",
            "Timestamp": 931,
            "X": 64.11000061035156,
            "Y": 82.80000305175781
        },
        {
            "Delta": 0,
            "EventType": "MouseMove",
            "Timestamp": 939,
            "X": 64.11000061035156,
            "Y": 82.58999633789062
        },
        {
            "Delta": 0,
            "EventType": "MouseMove",
            "Timestamp": 947,
            "X": 64.11000061035156,
            "Y": 82.38999938964844
        },
        {
            "Delta": 0,
            "EventType": "MouseMove",
            "Timestamp": 955,
            "X": 64.11000061035156,
            "Y": 82.08000183105469
        },
        {
            "Delta": 0,
            "EventType": "MouseMove",
            "Timestamp": 963,
            "X": 64.11000061035156,
            "Y": 81.9800033569336
        },
        {
            "Delta": 0,
            "EventType": "MouseMove",
            "Timestamp": 971,
            "X": 64.11000061035156,
            "Y": 81.77999877929688
        },
        {
            "Delta": 0,
            "EventType": "MouseMove",
            "Timestamp": 979,
            "X": 64.11000061035156,
            "Y": 81.66999816894531
        },
        {
            "Delta": 0,
            "EventType": "MouseMove",
            "Timestamp": 987,
            "X": 64.11000061035156,
            "Y": 81.56999969482422
        },
        {
            "Delta": 0,
            "EventType": "MouseMove",
            "Timestamp": 995,
            "X": 64.11000061035156,
            "Y": 81.47000122070312
        },
        {
            "Delta": 0,
            "EventType": "MouseMove",
            "Timestamp": 1003,
            "X": 64.11000061035156,
            "Y": 81.16000366210938
        },
        {
            "Delta": 0,
            "EventType": "MouseMove",
            "Timestamp": 1010,
            "X": 64.11000061035156,
            "Y": 81.05999755859375
        },
        {
            "Delta": 0,
            "EventType": "MouseMove",
            "Timestamp": 1019,
            "X": 64.11000061035156,
            "Y": 80.8499984741211
        },
        {
            "Delta": 0,
            "EventType": "MouseMove",
            "Timestamp": 1026,
            "X": 64.11000061035156,
            "Y": 80.75
        },
        {
            "Delta": 0,
            "EventType": "MouseMove",
            "Timestamp": 1035,
            "X": 64.11000061035156,
            "Y": 80.6500015258789
        },
        {
            "Delta": 0,
            "EventType": "MouseMove",
            "Timestamp": 1043,
            "X": 64.11000061035156,
            "Y": 80.55000305175781
        },
        {
            "Delta": 0,
            "EventType": "MouseMove",
            "Timestamp": 1051,
            "X": 64.11000061035156,
            "Y": 80.44999694824219
        },
        {
            "Delta": 0,
            "EventType": "MouseMove",
            "Timestamp": 1059,
            "X": 64.11000061035156,
            "Y": 80.33999633789062
        },
        {
            "Delta": 0,
            "EventType": "MouseMove",
            "Timestamp": 1067,
            "X": 64.11000061035156,
            "Y": 80.23999786376953
        },
        {
            "Delta": 0,
            "EventType": "MouseMove",
            "Timestamp": 1075,
            "X": 64.11000061035156,
            "Y": 79.93000030517578
        },
        {
            "Delta": 0,
            "EventType": "MouseMove",
            "Timestamp": 1083,
            "X": 64.11000061035156,
            "Y": 79.83000183105469
        },
        {
            "Delta": 0,
            "EventType": "MouseMove",
            "Timestamp": 1091,
            "X": 64.11000061035156,
            "Y": 79.7300033569336
        },
        {
            "Delta": 0,
            "EventType": "MouseMove",
            "Timestamp": 1099,
            "X": 64.11000061035156,
            "Y": 79.5199966430664
        },
        {
            "Delta": 0,
            "EventType": "MouseMove",
            "Timestamp": 1107,
            "X": 64.11000061035156,
            "Y": 79.31999969482422
        },
        {
            "Delta": 0,
            "EventType": "MouseMove",
            "Timestamp": 1115,
            "X": 64.11000061035156,
            "Y": 79.22000122070312
        },
        {
            "Delta": 0,
            "EventType": "MouseMove",
            "Timestamp": 1123,
            "X": 64.11000061035156,
            "Y": 78.91000366210938
        },
        {
            "Delta": 0,
            "EventType": "MouseMove",
            "Timestamp": 1131,
            "X": 64.11000061035156,
            "Y": 78.80999755859375
        },
        {
            "Delta": 0,
            "EventType": "MouseMove",
            "Timestamp": 1139,
            "X": 64.11000061035156,
            "Y": 78.70999908447266
        },
        {
            "Delta": 0,
            "EventType": "MouseMove",
            "Timestamp": 1147,
            "X": 64.11000061035156,
            "Y": 78.5999984741211
        },
        {
            "Delta": 0,
            "EventType": "MouseMove",
            "Timestamp": 1155,
            "X": 64.11000061035156,
            "Y": 78.5
        },
        {
            "Delta": 0,
            "EventType": "MouseMove",
            "Timestamp": 1163,
            "X": 64.11000061035156,
            "Y": 78.4000015258789
        },
        {
            "Delta": 0,
            "EventType": "MouseMove",
            "Timestamp": 1171,
            "X": 64.11000061035156,
            "Y": 78.19000244140625
        },
        {
            "Delta": 0,
            "EventType": "MouseMove",
            "Timestamp": 1179,
            "X": 64.11000061035156,
            "Y": 77.88999938964844
        },
        {
            "Delta": 0,
            "EventType": "MouseMove",
            "Timestamp": 1187,
            "X": 64.11000061035156,
            "Y": 77.77999877929688
        },
        {
            "Delta": 0,
            "EventType": "MouseMove",
            "Timestamp": 1195,
            "X": 64.11000061035156,
            "Y": 77.58000183105469
        },
        {
            "Delta": 0,
            "EventType": "MouseMove",
            "Timestamp": 1203,
            "X": 64.11000061035156,
            "Y": 77.16999816894531
        },
        {
            "Delta": 0,
            "EventType": "MouseMove",
            "Timestamp": 1211,
            "X": 64.11000061035156,
            "Y": 77.06999969482422
        },
        {
            "Delta": 0,
            "EventType": "MouseMove",
            "Timestamp": 1220,
            "X": 64.11000061035156,
            "Y": 76.97000122070312
        },
        {
            "Delta": 0,
            "EventType": "MouseMove",
            "Timestamp": 1236,
            "X": 64.11000061035156,
            "Y": 76.86000061035156
        },
        {
            "Delta": 0,
            "EventType": "MouseMove",
            "Timestamp": 1243,
            "X": 64.11000061035156,
            "Y": 76.76000213623047
        },
        {
            "Delta": 0,
            "EventType": "MouseMove",
            "Timestamp": 1259,
            "X": 64.11000061035156,
            "Y": 76.66000366210938
        },
        {
            "Delta": 0,
            "EventType": "MouseMove",
            "Timestamp": 1275,
            "X": 64.11000061035156,
            "Y": 76.3499984741211
        },
        {
            "Delta": 0,
            "EventType": "MouseMove",
            "Timestamp": 1294,
            "X": 64.11000061035156,
            "Y": 76.25
        },
        {
            "Delta": 0,
            "EventType": "MouseMove",
            "Timestamp": 1302,
            "X": 64.11000061035156,
            "Y": 76.1500015258789
        },
        {
            "Delta": 0,
            "EventType": "MouseMove",
            "Timestamp": 1315,
            "X": 64.11000061035156,
            "Y": 76.04000091552734
        },
        {
            "Delta": 0,
            "EventType": "MouseMove",
            "Timestamp": 1331,
            "X": 64.11000061035156,
            "Y": 75.94000244140625
        },
        {
            "Delta": 0,
            "EventType": "MouseMove",
            "Timestamp": 1339,
            "X": 64.11000061035156,
            "Y": 75.83999633789062
        },
        {
            "Delta": 0,
            "EventType": "MouseMove",
            "Timestamp": 1355,
            "X": 64.11000061035156,
            "Y": 75.73999786376953
        },
        {
            "Delta": 0,
            "EventType": "MouseMove",
            "Timestamp": 1371,
            "X": 64.11000061035156,
            "Y": 75.62999725341797
        },
        {
            "Delta": 0,
            "EventType": "MouseUp",
            "Timestamp": 1582,
            "X": 64.11000061035156,
            "Y": 75.62999725341797
        }
    ],
    "LoopDuration": 0,
    "LoopInterval": 0,
    "LoopIterations": 1,
    "LoopType": "TillLoopNumber",
    "MacroSchemaVersion": 3,
    "MergeConfigurations": [
    ],
    "RestartPlayer": false,
    "RestartPlayerAfterMinutes": 60,
    "Shortcut": "Alt + W",
    "StopOnHomeScreen": false
}
