{
    "Acceleration": 5,
    "CreationTime": "20231130T171543",
    "DoNotShowWindowOnFinish": false,
    "Events": [
        {
            "Delta": 0,
            "EventType": "MouseDown",
            "Timestamp": 690,
            "X": 65.19999694824219,
            "Y": 55.880001068115234
        },
        {
            "Delta": 0,
            "EventType": "MouseMove",
            "Timestamp": 698,
            "X": 65.19999694824219,
            "Y": 55.779998779296875
        },
        {
            "Delta": 0,
            "EventType": "MouseMove",
            "Timestamp": 746,
            "X": 65.19999694824219,
            "Y": 55.56999969482422
        },
        {
            "Delta": 0,
            "EventType": "MouseMove",
            "Timestamp": 754,
            "X": 65.19999694824219,
            "Y": 55.369998931884766
        },
        {
            "Delta": 0,
            "EventType": "MouseMove",
            "Timestamp": 762,
            "X": 65.19999694824219,
            "Y": 55.15999984741211
        },
        {
            "Delta": 0,
            "EventType": "MouseMove",
            "Timestamp": 770,
            "X": 65.19999694824219,
            "Y": 54.959999084472656
        },
        {
            "Delta": 0,
            "EventType": "MouseMove",
            "Timestamp": 778,
            "X": 65.19999694824219,
            "Y": 54.650001525878906
        },
        {
            "Delta": 0,
            "EventType": "MouseMove",
            "Timestamp": 786,
            "X": 65.19999694824219,
            "Y": 54.45000076293945
        },
        {
            "Delta": 0,
            "EventType": "MouseMove",
            "Timestamp": 794,
            "X": 65.19999694824219,
            "Y": 54.2400016784668
        },
        {
            "Delta": 0,
            "EventType": "MouseMove",
            "Timestamp": 802,
            "X": 65.19999694824219,
            "Y": 53.72999954223633
        },
        {
            "Delta": 0,
            "EventType": "MouseMove",
            "Timestamp": 810,
            "X": 65.19999694824219,
            "Y": 53.529998779296875
        },
        {
            "Delta": 0,
            "EventType": "MouseMove",
            "Timestamp": 818,
            "X": 65.56999969482422,
            "Y": 53.119998931884766
        },
        {
            "Delta": 0,
            "EventType": "MouseMove",
            "Timestamp": 826,
            "X": 65.56999969482422,
            "Y": 52.90999984741211
        },
        {
            "Delta": 0,
            "EventType": "MouseMove",
            "Timestamp": 834,
            "X": 65.56999969482422,
            "Y": 52.61000061035156
        },
        {
            "Delta": 0,
            "EventType": "MouseMove",
            "Timestamp": 842,
            "X": 65.75,
            "Y": 52.5
        },
        {
            "Delta": 0,
            "EventType": "MouseMove",
            "Timestamp": 850,
            "X": 65.75,
            "Y": 52.29999923706055
        },
        {
            "Delta": 0,
            "EventType": "MouseMove",
            "Timestamp": 858,
            "X": 65.93000030517578,
            "Y": 52.20000076293945
        },
        {
            "Delta": 0,
            "EventType": "MouseMove",
            "Timestamp": 865,
            "X": 65.93000030517578,
            "Y": 52.09000015258789
        },
        {
            "Delta": 0,
            "EventType": "MouseMove",
            "Timestamp": 873,
            "X": 65.93000030517578,
            "Y": 51.790000915527344
        },
        {
            "Delta": 0,
            "EventType": "MouseMove",
            "Timestamp": 881,
            "X": 65.93000030517578,
            "Y": 51.58000183105469
        },
        {
            "Delta": 0,
            "EventType": "MouseMove",
            "Timestamp": 889,
            "X": 66.12000274658203,
            "Y": 51.16999816894531
        },
        {
            "Delta": 0,
            "EventType": "MouseMove",
            "Timestamp": 897,
            "X": 66.12000274658203,
            "Y": 51.06999969482422
        },
        {
            "Delta": 0,
            "EventType": "MouseMove",
            "Timestamp": 906,
            "X": 66.12000274658203,
            "Y": 50.869998931884766
        },
        {
            "Delta": 0,
            "EventType": "MouseMove",
            "Timestamp": 914,
            "X": 66.12000274658203,
            "Y": 50.65999984741211
        },
        {
            "Delta": 0,
            "EventType": "MouseMove",
            "Timestamp": 921,
            "X": 66.12000274658203,
            "Y": 50.459999084472656
        },
        {
            "Delta": 0,
            "EventType": "MouseMove",
            "Timestamp": 930,
            "X": 66.12000274658203,
            "Y": 50.349998474121094
        },
        {
            "Delta": 0,
            "EventType": "MouseMove",
            "Timestamp": 937,
            "X": 66.12000274658203,
            "Y": 50.25
        },
        {
            "Delta": 0,
            "EventType": "MouseMove",
            "Timestamp": 945,
            "X": 66.12000274658203,
            "Y": 50.150001525878906
        },
        {
            "Delta": 0,
            "EventType": "MouseMove",
            "Timestamp": 954,
            "X": 66.12000274658203,
            "Y": 50.04999923706055
        },
        {
            "Delta": 0,
            "EventType": "MouseMove",
            "Timestamp": 962,
            "X": 66.12000274658203,
            "Y": 49.84000015258789
        },
        {
            "Delta": 0,
            "EventType": "MouseMove",
            "Timestamp": 970,
            "X": 66.12000274658203,
            "Y": 49.7400016784668
        },
        {
            "Delta": 0,
            "EventType": "MouseMove",
            "Timestamp": 978,
            "X": 66.12000274658203,
            "Y": 49.63999938964844
        },
        {
            "Delta": 0,
            "EventType": "MouseMove",
            "Timestamp": 986,
            "X": 66.12000274658203,
            "Y": 49.33000183105469
        },
        {
            "Delta": 0,
            "EventType": "MouseMove",
            "Timestamp": 994,
            "X": 66.12000274658203,
            "Y": 49.22999954223633
        },
        {
            "Delta": 0,
            "EventType": "MouseMove",
            "Timestamp": 1002,
            "X": 66.12000274658203,
            "Y": 49.02000045776367
        },
        {
            "Delta": 0,
            "EventType": "MouseMove",
            "Timestamp": 1010,
            "X": 66.12000274658203,
            "Y": 48.720001220703125
        },
        {
            "Delta": 0,
            "EventType": "MouseMove",
            "Timestamp": 1018,
            "X": 66.12000274658203,
            "Y": 48.5099983215332
        },
        {
            "Delta": 0,
            "EventType": "MouseMove",
            "Timestamp": 1026,
            "X": 66.12000274658203,
            "Y": 48.310001373291016
        },
        {
            "Delta": 0,
            "EventType": "MouseMove",
            "Timestamp": 1034,
            "X": 65.93000030517578,
            "Y": 48
        },
        {
            "Delta": 0,
            "EventType": "MouseMove",
            "Timestamp": 1042,
            "X": 65.93000030517578,
            "Y": 47.790000915527344
        },
        {
            "Delta": 0,
            "EventType": "MouseMove",
            "Timestamp": 1058,
            "X": 65.75,
            "Y": 47.4900016784668
        },
        {
            "Delta": 0,
            "EventType": "MouseMove",
            "Timestamp": 1066,
            "X": 65.75,
            "Y": 47.380001068115234
        },
        {
            "Delta": 0,
            "EventType": "MouseMove",
            "Timestamp": 1074,
            "X": 65.75,
            "Y": 47.279998779296875
        },
        {
            "Delta": 0,
            "EventType": "MouseMove",
            "Timestamp": 1082,
            "X": 65.38999938964844,
            "Y": 47.18000030517578
        },
        {
            "Delta": 0,
            "EventType": "MouseMove",
            "Timestamp": 1090,
            "X": 65.38999938964844,
            "Y": 47.08000183105469
        },
        {
            "Delta": 0,
            "EventType": "MouseMove",
            "Timestamp": 1106,
            "X": 65.19999694824219,
            "Y": 46.97999954223633
        },
        {
            "Delta": 0,
            "EventType": "MouseMove",
            "Timestamp": 1114,
            "X": 65.19999694824219,
            "Y": 46.869998931884766
        },
        {
            "Delta": 0,
            "EventType": "MouseMove",
            "Timestamp": 1122,
            "X": 65.0199966430664,
            "Y": 46.77000045776367
        },
        {
            "Delta": 0,
            "EventType": "MouseMove",
            "Timestamp": 1131,
            "X": 65.0199966430664,
            "Y": 46.66999816894531
        },
        {
            "Delta": 0,
            "EventType": "MouseMove",
            "Timestamp": 1138,
            "X": 65.0199966430664,
            "Y": 46.459999084472656
        },
        {
            "Delta": 0,
            "EventType": "MouseMove",
            "Timestamp": 1146,
            "X": 64.83999633789062,
            "Y": 46.459999084472656
        },
        {
            "Delta": 0,
            "EventType": "MouseMove",
            "Timestamp": 1154,
            "X": 64.83999633789062,
            "Y": 46.36000061035156
        },
        {
            "Delta": 0,
            "EventType": "MouseMove",
            "Timestamp": 1170,
            "X": 64.83999633789062,
            "Y": 46.2599983215332
        },
        {
            "Delta": 0,
            "EventType": "MouseMove",
            "Timestamp": 1186,
            "X": 64.66000366210938,
            "Y": 46.15999984741211
        },
        {
            "Delta": 0,
            "EventType": "MouseMove",
            "Timestamp": 1218,
            "X": 64.4800033569336,
            "Y": 46.04999923706055
        },
        {
            "Delta": 0,
            "EventType": "MouseMove",
            "Timestamp": 1253,
            "X": 64.4800033569336,
            "Y": 45.95000076293945
        },
        {
            "Delta": 0,
            "EventType": "MouseMove",
            "Timestamp": 1277,
            "X": 64.4800033569336,
            "Y": 45.849998474121094
        },
        {
            "Delta": 0,
            "EventType": "MouseMove",
            "Timestamp": 1302,
            "X": 64.4800033569336,
            "Y": 45.75
        },
        {
            "Delta": 0,
            "EventType": "MouseMove",
            "Timestamp": 1350,
            "X": 64.4800033569336,
            "Y": 45.63999938964844
        },
        {
            "Delta": 0,
            "EventType": "MouseUp",
            "Timestamp": 1457,
            "X": 64.4800033569336,
            "Y": 45.63999938964844
        }
    ],
    "LoopDuration": 0,
    "LoopInterval": 0,
    "LoopIterations": 1,
    "LoopType": "TillLoopNumber",
    "MacroSchemaVersion": 3,
    "MergeConfigurations": [
    ],
    "RestartPlayer": false,
    "RestartPlayerAfterMinutes": 60,
    "Shortcut": "Ctrl + K",
    "StopOnHomeScreen": false
}
