{
    "Acceleration": 5,
    "CreationTime": "20231130T172117",
    "DoNotShowWindowOnFinish": false,
    "Events": [
        {
            "Delta": 0,
            "EventType": "MouseDown",
            "Timestamp": 570,
            "X": 63.20000076293945,
            "Y": 65.19000244140625
        },
        {
            "Delta": 0,
            "EventType": "MouseMove",
            "Timestamp": 610,
            "X": 63.20000076293945,
            "Y": 65.08999633789062
        },
        {
            "Delta": 0,
            "EventType": "MouseMove",
            "Timestamp": 626,
            "X": 63.20000076293945,
            "Y": 64.79000091552734
        },
        {
            "Delta": 0,
            "EventType": "MouseMove",
            "Timestamp": 634,
            "X": 63.380001068115234,
            "Y": 64.37999725341797
        },
        {
            "Delta": 0,
            "EventType": "MouseMove",
            "Timestamp": 642,
            "X": 63.380001068115234,
            "Y": 64.16999816894531
        },
        {
            "Delta": 0,
            "EventType": "MouseMove",
            "Timestamp": 650,
            "X": 63.380001068115234,
            "Y": 64.06999969482422
        },
        {
            "Delta": 0,
            "EventType": "MouseMove",
            "Timestamp": 658,
            "X": 63.380001068115234,
            "Y": 63.970001220703125
        },
        {
            "Delta": 0,
            "EventType": "MouseMove",
            "Timestamp": 666,
            "X": 63.380001068115234,
            "Y": 63.86000061035156
        },
        {
            "Delta": 0,
            "EventType": "MouseMove",
            "Timestamp": 674,
            "X": 63.380001068115234,
            "Y": 63.7599983215332
        },
        {
            "Delta": 0,
            "EventType": "MouseMove",
            "Timestamp": 690,
            "X": 63.380001068115234,
            "Y": 63.65999984741211
        },
        {
            "Delta": 0,
            "EventType": "MouseMove",
            "Timestamp": 698,
            "X": 63.380001068115234,
            "Y": 63.349998474121094
        },
        {
            "Delta": 0,
            "EventType": "MouseMove",
            "Timestamp": 706,
            "X": 63.56999969482422,
            "Y": 63.25
        },
        {
            "Delta": 0,
            "EventType": "MouseMove",
            "Timestamp": 715,
            "X": 63.56999969482422,
            "Y": 63.04999923706055
        },
        {
            "Delta": 0,
            "EventType": "MouseMove",
            "Timestamp": 722,
            "X": 63.56999969482422,
            "Y": 62.939998626708984
        },
        {
            "Delta": 0,
            "EventType": "MouseMove",
            "Timestamp": 730,
            "X": 63.56999969482422,
            "Y": 62.7400016784668
        },
        {
            "Delta": 0,
            "EventType": "MouseMove",
            "Timestamp": 738,
            "X": 63.56999969482422,
            "Y": 62.63999938964844
        },
        {
            "Delta": 0,
            "EventType": "MouseMove",
            "Timestamp": 746,
            "X": 63.56999969482422,
            "Y": 62.43000030517578
        },
        {
            "Delta": 0,
            "EventType": "MouseMove",
            "Timestamp": 754,
            "X": 63.56999969482422,
            "Y": 62.33000183105469
        },
        {
            "Delta": 0,
            "EventType": "MouseMove",
            "Timestamp": 762,
            "X": 63.56999969482422,
            "Y": 62.22999954223633
        },
        {
            "Delta": 0,
            "EventType": "MouseMove",
            "Timestamp": 770,
            "X": 63.56999969482422,
            "Y": 62.119998931884766
        },
        {
            "Delta": 0,
            "EventType": "MouseMove",
            "Timestamp": 785,
            "X": 63.56999969482422,
            "Y": 62.02000045776367
        },
        {
            "Delta": 0,
            "EventType": "MouseMove",
            "Timestamp": 793,
            "X": 63.56999969482422,
            "Y": 61.91999816894531
        },
        {
            "Delta": 0,
            "EventType": "MouseMove",
            "Timestamp": 809,
            "X": 63.56999969482422,
            "Y": 61.81999969482422
        },
        {
            "Delta": 0,
            "EventType": "MouseMove",
            "Timestamp": 817,
            "X": 63.56999969482422,
            "Y": 61.709999084472656
        },
        {
            "Delta": 0,
            "EventType": "MouseMove",
            "Timestamp": 826,
            "X": 63.56999969482422,
            "Y": 61.61000061035156
        },
        {
            "Delta": 0,
            "EventType": "MouseMove",
            "Timestamp": 833,
            "X": 63.56999969482422,
            "Y": 61.5099983215332
        },
        {
            "Delta": 0,
            "EventType": "MouseMove",
            "Timestamp": 841,
            "X": 63.56999969482422,
            "Y": 61.40999984741211
        },
        {
            "Delta": 0,
            "EventType": "MouseMove",
            "Timestamp": 849,
            "X": 63.56999969482422,
            "Y": 61.310001373291016
        },
        {
            "Delta": 0,
            "EventType": "MouseMove",
            "Timestamp": 857,
            "X": 63.75,
            "Y": 61.20000076293945
        },
        {
            "Delta": 0,
            "EventType": "MouseMove",
            "Timestamp": 865,
            "X": 63.75,
            "Y": 60.900001525878906
        },
        {
            "Delta": 0,
            "EventType": "MouseMove",
            "Timestamp": 874,
            "X": 63.75,
            "Y": 60.790000915527344
        },
        {
            "Delta": 0,
            "EventType": "MouseMove",
            "Timestamp": 882,
            "X": 63.75,
            "Y": 60.689998626708984
        },
        {
            "Delta": 0,
            "EventType": "MouseMove",
            "Timestamp": 890,
            "X": 63.75,
            "Y": 60.4900016784668
        },
        {
            "Delta": 0,
            "EventType": "MouseMove",
            "Timestamp": 897,
            "X": 63.75,
            "Y": 60.380001068115234
        },
        {
            "Delta": 0,
            "EventType": "MouseMove",
            "Timestamp": 905,
            "X": 63.75,
            "Y": 60.279998779296875
        },
        {
            "Delta": 0,
            "EventType": "MouseMove",
            "Timestamp": 913,
            "X": 63.75,
            "Y": 60.08000183105469
        },
        {
            "Delta": 0,
            "EventType": "MouseMove",
            "Timestamp": 921,
            "X": 63.75,
            "Y": 59.970001220703125
        },
        {
            "Delta": 0,
            "EventType": "MouseMove",
            "Timestamp": 929,
            "X": 63.75,
            "Y": 59.77000045776367
        },
        {
            "Delta": 0,
            "EventType": "MouseMove",
            "Timestamp": 937,
            "X": 63.75,
            "Y": 59.66999816894531
        },
        {
            "Delta": 0,
            "EventType": "MouseMove",
            "Timestamp": 945,
            "X": 63.75,
            "Y": 59.56999969482422
        },
        {
            "Delta": 0,
            "EventType": "MouseMove",
            "Timestamp": 953,
            "X": 63.93000030517578,
            "Y": 59.459999084472656
        },
        {
            "Delta": 0,
            "EventType": "MouseMove",
            "Timestamp": 961,
            "X": 63.93000030517578,
            "Y": 59.36000061035156
        },
        {
            "Delta": 0,
            "EventType": "MouseMove",
            "Timestamp": 970,
            "X": 63.93000030517578,
            "Y": 59.2599983215332
        },
        {
            "Delta": 0,
            "EventType": "MouseMove",
            "Timestamp": 977,
            "X": 63.93000030517578,
            "Y": 59.04999923706055
        },
        {
            "Delta": 0,
            "EventType": "MouseMove",
            "Timestamp": 985,
            "X": 63.93000030517578,
            "Y": 58.95000076293945
        },
        {
            "Delta": 0,
            "EventType": "MouseMove",
            "Timestamp": 993,
            "X": 64.11000061035156,
            "Y": 58.849998474121094
        },
        {
            "Delta": 0,
            "EventType": "MouseMove",
            "Timestamp": 1001,
            "X": 64.11000061035156,
            "Y": 58.540000915527344
        },
        {
            "Delta": 0,
            "EventType": "MouseMove",
            "Timestamp": 1009,
            "X": 64.11000061035156,
            "Y": 58.439998626708984
        },
        {
            "Delta": 0,
            "EventType": "MouseMove",
            "Timestamp": 1017,
            "X": 64.11000061035156,
            "Y": 58.34000015258789
        },
        {
            "Delta": 0,
            "EventType": "MouseMove",
            "Timestamp": 1026,
            "X": 64.11000061035156,
            "Y": 58.22999954223633
        },
        {
            "Delta": 0,
            "EventType": "MouseMove",
            "Timestamp": 1033,
            "X": 64.29000091552734,
            "Y": 58.130001068115234
        },
        {
            "Delta": 0,
            "EventType": "MouseMove",
            "Timestamp": 1042,
            "X": 64.29000091552734,
            "Y": 58.029998779296875
        },
        {
            "Delta": 0,
            "EventType": "MouseMove",
            "Timestamp": 1058,
            "X": 64.29000091552734,
            "Y": 57.93000030517578
        },
        {
            "Delta": 0,
            "EventType": "MouseMove",
            "Timestamp": 1066,
            "X": 64.29000091552734,
            "Y": 57.83000183105469
        },
        {
            "Delta": 0,
            "EventType": "MouseMove",
            "Timestamp": 1073,
            "X": 64.29000091552734,
            "Y": 57.619998931884766
        },
        {
            "Delta": 0,
            "EventType": "MouseMove",
            "Timestamp": 1081,
            "X": 64.29000091552734,
            "Y": 57.52000045776367
        },
        {
            "Delta": 0,
            "EventType": "MouseMove",
            "Timestamp": 1089,
            "X": 64.4800033569336,
            "Y": 57.41999816894531
        },
        {
            "Delta": 0,
            "EventType": "MouseMove",
            "Timestamp": 1097,
            "X": 64.4800033569336,
            "Y": 57.310001373291016
        },
        {
            "Delta": 0,
            "EventType": "MouseMove",
            "Timestamp": 1106,
            "X": 64.4800033569336,
            "Y": 57.11000061035156
        },
        {
            "Delta": 0,
            "EventType": "MouseMove",
            "Timestamp": 1114,
            "X": 64.4800033569336,
            "Y": 57.0099983215332
        },
        {
            "Delta": 0,
            "EventType": "MouseMove",
            "Timestamp": 1121,
            "X": 64.4800033569336,
            "Y": 56.900001525878906
        },
        {
            "Delta": 0,
            "EventType": "MouseMove",
            "Timestamp": 1137,
            "X": 64.4800033569336,
            "Y": 56.79999923706055
        },
        {
            "Delta": 0,
            "EventType": "MouseMove",
            "Timestamp": 1162,
            "X": 64.4800033569336,
            "Y": 56.70000076293945
        },
        {
            "Delta": 0,
            "EventType": "MouseMove",
            "Timestamp": 1186,
            "X": 64.4800033569336,
            "Y": 56.599998474121094
        },
        {
            "Delta": 0,
            "EventType": "MouseMove",
            "Timestamp": 1258,
            "X": 64.4800033569336,
            "Y": 56.4900016784668
        },
        {
            "Delta": 0,
            "EventType": "MouseMove",
            "Timestamp": 1277,
            "X": 64.4800033569336,
            "Y": 56.38999938964844
        },
        {
            "Delta": 0,
            "EventType": "MouseUp",
            "Timestamp": 1542,
            "X": 64.4800033569336,
            "Y": 56.38999938964844
        }
    ],
    "LoopDuration": 0,
    "LoopInterval": 0,
    "LoopIterations": 1,
    "LoopType": "TillLoopNumber",
    "MacroSchemaVersion": 3,
    "MergeConfigurations": [
    ],
    "RestartPlayer": false,
    "RestartPlayerAfterMinutes": 60,
    "Shortcut": "Ctrl + 3",
    "StopOnHomeScreen": false
}
