{
    "Acceleration": 5,
    "CreationTime": "20231130T172747",
    "DoNotShowWindowOnFinish": false,
    "Events": [
        {
            "Delta": 0,
            "EventType": "MouseDown",
            "Timestamp": 649,
            "X": 80.87000274658203,
            "Y": 74.70999908447266
        },
        {
            "Delta": 0,
            "EventType": "MouseMove",
            "Timestamp": 720,
            "X": 80.87000274658203,
            "Y": 74.81999969482422
        },
        {
            "Delta": 0,
            "EventType": "MouseMove",
            "Timestamp": 729,
            "X": 80.87000274658203,
            "Y": 74.91999816894531
        },
        {
            "Delta": 0,
            "EventType": "MouseMove",
            "Timestamp": 737,
            "X": 80.87000274658203,
            "Y": 75.0199966430664
        },
        {
            "Delta": 0,
            "EventType": "MouseMove",
            "Timestamp": 746,
            "X": 81.05000305175781,
            "Y": 75.43000030517578
        },
        {
            "Delta": 0,
            "EventType": "MouseMove",
            "Timestamp": 753,
            "X": 81.05000305175781,
            "Y": 75.83999633789062
        },
        {
            "Delta": 0,
            "EventType": "MouseMove",
            "Timestamp": 761,
            "X": 81.05000305175781,
            "Y": 76.25
        },
        {
            "Delta": 0,
            "EventType": "MouseMove",
            "Timestamp": 769,
            "X": 81.05000305175781,
            "Y": 76.66000366210938
        },
        {
            "Delta": 0,
            "EventType": "MouseMove",
            "Timestamp": 777,
            "X": 81.05000305175781,
            "Y": 77.06999969482422
        },
        {
            "Delta": 0,
            "EventType": "MouseMove",
            "Timestamp": 785,
            "X": 81.2300033569336,
            "Y": 77.4800033569336
        },
        {
            "Delta": 0,
            "EventType": "MouseMove",
            "Timestamp": 793,
            "X": 81.2300033569336,
            "Y": 77.88999938964844
        },
        {
            "Delta": 0,
            "EventType": "MouseMove",
            "Timestamp": 801,
            "X": 81.2300033569336,
            "Y": 78.08999633789062
        },
        {
            "Delta": 0,
            "EventType": "MouseMove",
            "Timestamp": 809,
            "X": 81.2300033569336,
            "Y": 78.30000305175781
        },
        {
            "Delta": 0,
            "EventType": "MouseMove",
            "Timestamp": 817,
            "X": 81.2300033569336,
            "Y": 78.5
        },
        {
            "Delta": 0,
            "EventType": "MouseMove",
            "Timestamp": 825,
            "X": 81.2300033569336,
            "Y": 78.70999908447266
        },
        {
            "Delta": 0,
            "EventType": "MouseMove",
            "Timestamp": 841,
            "X": 81.2300033569336,
            "Y": 78.80999755859375
        },
        {
            "Delta": 0,
            "EventType": "MouseMove",
            "Timestamp": 849,
            "X": 81.2300033569336,
            "Y": 78.91000366210938
        },
        {
            "Delta": 0,
            "EventType": "MouseMove",
            "Timestamp": 858,
            "X": 81.2300033569336,
            "Y": 79.11000061035156
        },
        {
            "Delta": 0,
            "EventType": "MouseMove",
            "Timestamp": 865,
            "X": 81.2300033569336,
            "Y": 79.5199966430664
        },
        {
            "Delta": 0,
            "EventType": "MouseMove",
            "Timestamp": 873,
            "X": 81.41999816894531,
            "Y": 79.83000183105469
        },
        {
            "Delta": 0,
            "EventType": "MouseMove",
            "Timestamp": 882,
            "X": 81.41999816894531,
            "Y": 80.04000091552734
        },
        {
            "Delta": 0,
            "EventType": "MouseMove",
            "Timestamp": 889,
            "X": 81.41999816894531,
            "Y": 80.33999633789062
        },
        {
            "Delta": 0,
            "EventType": "MouseMove",
            "Timestamp": 897,
            "X": 81.41999816894531,
            "Y": 80.55000305175781
        },
        {
            "Delta": 0,
            "EventType": "MouseMove",
            "Timestamp": 905,
            "X": 81.41999816894531,
            "Y": 80.6500015258789
        },
        {
            "Delta": 0,
            "EventType": "MouseMove",
            "Timestamp": 913,
            "X": 81.77999877929688,
            "Y": 80.75
        },
        {
            "Delta": 0,
            "EventType": "MouseMove",
            "Timestamp": 921,
            "X": 81.77999877929688,
            "Y": 80.8499984741211
        },
        {
            "Delta": 0,
            "EventType": "MouseMove",
            "Timestamp": 929,
            "X": 81.77999877929688,
            "Y": 80.95999908447266
        },
        {
            "Delta": 0,
            "EventType": "MouseMove",
            "Timestamp": 945,
            "X": 81.77999877929688,
            "Y": 81.05999755859375
        },
        {
            "Delta": 0,
            "EventType": "MouseMove",
            "Timestamp": 953,
            "X": 81.77999877929688,
            "Y": 81.16000366210938
        },
        {
            "Delta": 0,
            "EventType": "MouseMove",
            "Timestamp": 961,
            "X": 81.77999877929688,
            "Y": 81.26000213623047
        },
        {
            "Delta": 0,
            "EventType": "MouseMove",
            "Timestamp": 969,
            "X": 81.77999877929688,
            "Y": 81.56999969482422
        },
        {
            "Delta": 0,
            "EventType": "MouseMove",
            "Timestamp": 977,
            "X": 81.95999908447266,
            "Y": 81.77999877929688
        },
        {
            "Delta": 0,
            "EventType": "MouseMove",
            "Timestamp": 985,
            "X": 81.95999908447266,
            "Y": 81.87999725341797
        },
        {
            "Delta": 0,
            "EventType": "MouseMove",
            "Timestamp": 993,
            "X": 81.95999908447266,
            "Y": 82.19000244140625
        },
        {
            "Delta": 0,
            "EventType": "MouseMove",
            "Timestamp": 1001,
            "X": 82.13999938964844,
            "Y": 82.29000091552734
        },
        {
            "Delta": 0,
            "EventType": "MouseMove",
            "Timestamp": 1009,
            "X": 82.13999938964844,
            "Y": 82.38999938964844
        },
        {
            "Delta": 0,
            "EventType": "MouseMove",
            "Timestamp": 1017,
            "X": 82.13999938964844,
            "Y": 82.48999786376953
        },
        {
            "Delta": 0,
            "EventType": "MouseMove",
            "Timestamp": 1025,
            "X": 82.13999938964844,
            "Y": 82.58999633789062
        },
        {
            "Delta": 0,
            "EventType": "MouseMove",
            "Timestamp": 1033,
            "X": 82.13999938964844,
            "Y": 82.69999694824219
        },
        {
            "Delta": 0,
            "EventType": "MouseMove",
            "Timestamp": 1041,
            "X": 82.13999938964844,
            "Y": 82.80000305175781
        },
        {
            "Delta": 0,
            "EventType": "MouseMove",
            "Timestamp": 1057,
            "X": 82.13999938964844,
            "Y": 82.9000015258789
        },
        {
            "Delta": 0,
            "EventType": "MouseMove",
            "Timestamp": 1065,
            "X": 82.13999938964844,
            "Y": 83
        },
        {
            "Delta": 0,
            "EventType": "MouseMove",
            "Timestamp": 1073,
            "X": 82.33000183105469,
            "Y": 83.11000061035156
        },
        {
            "Delta": 0,
            "EventType": "MouseMove",
            "Timestamp": 1081,
            "X": 82.33000183105469,
            "Y": 83.20999908447266
        },
        {
            "Delta": 0,
            "EventType": "MouseMove",
            "Timestamp": 1089,
            "X": 82.33000183105469,
            "Y": 83.30999755859375
        },
        {
            "Delta": 0,
            "EventType": "MouseMove",
            "Timestamp": 1097,
            "X": 82.33000183105469,
            "Y": 83.41000366210938
        },
        {
            "Delta": 0,
            "EventType": "MouseMove",
            "Timestamp": 1105,
            "X": 82.33000183105469,
            "Y": 83.5199966430664
        },
        {
            "Delta": 0,
            "EventType": "MouseMove",
            "Timestamp": 1122,
            "X": 82.33000183105469,
            "Y": 83.72000122070312
        },
        {
            "Delta": 0,
            "EventType": "MouseMove",
            "Timestamp": 1137,
            "X": 82.33000183105469,
            "Y": 83.81999969482422
        },
        {
            "Delta": 0,
            "EventType": "MouseMove",
            "Timestamp": 1145,
            "X": 82.33000183105469,
            "Y": 83.93000030517578
        },
        {
            "Delta": 0,
            "EventType": "MouseMove",
            "Timestamp": 1153,
            "X": 82.33000183105469,
            "Y": 84.02999877929688
        },
        {
            "Delta": 0,
            "EventType": "MouseMove",
            "Timestamp": 1202,
            "X": 82.33000183105469,
            "Y": 84.12999725341797
        },
        {
            "Delta": 0,
            "EventType": "MouseMove",
            "Timestamp": 1257,
            "X": 82.33000183105469,
            "Y": 84.2300033569336
        },
        {
            "Delta": 0,
            "EventType": "MouseUp",
            "Timestamp": 1359,
            "X": 82.33000183105469,
            "Y": 84.2300033569336
        }
    ],
    "LoopDuration": 0,
    "LoopInterval": 0,
    "LoopIterations": 1,
    "LoopType": "TillLoopNumber",
    "MacroSchemaVersion": 3,
    "MergeConfigurations": [
    ],
    "RestartPlayer": false,
    "RestartPlayerAfterMinutes": 60,
    "Shortcut": "Alt + N",
    "StopOnHomeScreen": false
}
