{
    "Acceleration": 5,
    "CreationTime": "20231130T171442",
    "DoNotShowWindowOnFinish": false,
    "Events": [
        {
            "Delta": 0,
            "EventType": "MouseDown",
            "Timestamp": 534,
            "X": 46.630001068115234,
            "Y": 55.27000045776367
        },
        {
            "Delta": 0,
            "EventType": "MouseMove",
            "Timestamp": 598,
            "X": 47.349998474121094,
            "Y": 55.27000045776367
        },
        {
            "Delta": 0,
            "EventType": "MouseMove",
            "Timestamp": 606,
            "X": 48.2599983215332,
            "Y": 55.060001373291016
        },
        {
            "Delta": 0,
            "EventType": "MouseMove",
            "Timestamp": 614,
            "X": 49.36000061035156,
            "Y": 55.060001373291016
        },
        {
            "Delta": 0,
            "EventType": "MouseMove",
            "Timestamp": 622,
            "X": 50.630001068115234,
            "Y": 55.060001373291016
        },
        {
            "Delta": 0,
            "EventType": "MouseMove",
            "Timestamp": 630,
            "X": 52.63999938964844,
            "Y": 54.959999084472656
        },
        {
            "Delta": 0,
            "EventType": "MouseMove",
            "Timestamp": 638,
            "X": 54.459999084472656,
            "Y": 54.959999084472656
        },
        {
            "Delta": 0,
            "EventType": "MouseMove",
            "Timestamp": 646,
            "X": 55.90999984741211,
            "Y": 54.959999084472656
        },
        {
            "Delta": 0,
            "EventType": "MouseMove",
            "Timestamp": 654,
            "X": 57.369998931884766,
            "Y": 54.959999084472656
        },
        {
            "Delta": 0,
            "EventType": "MouseMove",
            "Timestamp": 657,
            "X": 58.099998474121094,
            "Y": 54.75
        },
        {
            "Delta": 0,
            "EventType": "MouseMove",
            "Timestamp": 665,
            "X": 58.459999084472656,
            "Y": 54.75
        },
        {
            "Delta": 0,
            "EventType": "MouseMove",
            "Timestamp": 677,
            "X": 58.650001525878906,
            "Y": 54.75
        },
        {
            "Delta": 0,
            "EventType": "MouseMove",
            "Timestamp": 685,
            "X": 59.0099983215332,
            "Y": 54.75
        },
        {
            "Delta": 0,
            "EventType": "MouseMove",
            "Timestamp": 694,
            "X": 59.189998626708984,
            "Y": 54.75
        },
        {
            "Delta": 0,
            "EventType": "MouseMove",
            "Timestamp": 706,
            "X": 59.560001373291016,
            "Y": 54.75
        },
        {
            "Delta": 0,
            "EventType": "MouseMove",
            "Timestamp": 713,
            "X": 59.7400016784668,
            "Y": 54.75
        },
        {
            "Delta": 0,
            "EventType": "MouseMove",
            "Timestamp": 722,
            "X": 59.91999816894531,
            "Y": 54.75
        },
        {
            "Delta": 0,
            "EventType": "MouseMove",
            "Timestamp": 738,
            "X": 60.290000915527344,
            "Y": 54.75
        },
        {
            "Delta": 0,
            "EventType": "MouseMove",
            "Timestamp": 746,
            "X": 60.470001220703125,
            "Y": 54.75
        },
        {
            "Delta": 0,
            "EventType": "MouseMove",
            "Timestamp": 753,
            "X": 60.83000183105469,
            "Y": 54.75
        },
        {
            "Delta": 0,
            "EventType": "MouseMove",
            "Timestamp": 762,
            "X": 61.02000045776367,
            "Y": 54.75
        },
        {
            "Delta": 0,
            "EventType": "MouseMove",
            "Timestamp": 770,
            "X": 61.560001373291016,
            "Y": 54.86000061035156
        },
        {
            "Delta": 0,
            "EventType": "MouseMove",
            "Timestamp": 777,
            "X": 61.93000030517578,
            "Y": 54.86000061035156
        },
        {
            "Delta": 0,
            "EventType": "MouseMove",
            "Timestamp": 794,
            "X": 62.11000061035156,
            "Y": 54.86000061035156
        },
        {
            "Delta": 0,
            "EventType": "MouseMove",
            "Timestamp": 809,
            "X": 62.290000915527344,
            "Y": 54.959999084472656
        },
        {
            "Delta": 0,
            "EventType": "MouseMove",
            "Timestamp": 817,
            "X": 62.470001220703125,
            "Y": 54.959999084472656
        },
        {
            "Delta": 0,
            "EventType": "MouseMove",
            "Timestamp": 834,
            "X": 62.650001525878906,
            "Y": 54.959999084472656
        },
        {
            "Delta": 0,
            "EventType": "MouseMove",
            "Timestamp": 858,
            "X": 62.84000015258789,
            "Y": 54.959999084472656
        },
        {
            "Delta": 0,
            "EventType": "MouseMove",
            "Timestamp": 866,
            "X": 63.02000045776367,
            "Y": 54.959999084472656
        },
        {
            "Delta": 0,
            "EventType": "MouseMove",
            "Timestamp": 874,
            "X": 63.380001068115234,
            "Y": 55.060001373291016
        },
        {
            "Delta": 0,
            "EventType": "MouseMove",
            "Timestamp": 882,
            "X": 63.56999969482422,
            "Y": 55.060001373291016
        },
        {
            "Delta": 0,
            "EventType": "MouseMove",
            "Timestamp": 890,
            "X": 63.75,
            "Y": 55.15999984741211
        },
        {
            "Delta": 0,
            "EventType": "MouseMove",
            "Timestamp": 898,
            "X": 63.93000030517578,
            "Y": 55.15999984741211
        },
        {
            "Delta": 0,
            "EventType": "MouseMove",
            "Timestamp": 906,
            "X": 64.11000061035156,
            "Y": 55.27000045776367
        },
        {
            "Delta": 0,
            "EventType": "MouseMove",
            "Timestamp": 914,
            "X": 64.29000091552734,
            "Y": 55.27000045776367
        },
        {
            "Delta": 0,
            "EventType": "MouseMove",
            "Timestamp": 922,
            "X": 64.4800033569336,
            "Y": 55.369998931884766
        },
        {
            "Delta": 0,
            "EventType": "MouseMove",
            "Timestamp": 994,
            "X": 64.66000366210938,
            "Y": 55.369998931884766
        },
        {
            "Delta": 0,
            "EventType": "MouseMove",
            "Timestamp": 1042,
            "X": 64.83999633789062,
            "Y": 55.369998931884766
        },
        {
            "Delta": 0,
            "EventType": "MouseUp",
            "Timestamp": 1138,
            "X": 64.83999633789062,
            "Y": 55.369998931884766
        }
    ],
    "LoopDuration": 0,
    "LoopInterval": 0,
    "LoopIterations": 1,
    "LoopType": "TillLoopNumber",
    "MacroSchemaVersion": 3,
    "MergeConfigurations": [
    ],
    "RestartPlayer": false,
    "RestartPlayerAfterMinutes": 60,
    "Shortcut": "Ctrl + F",
    "StopOnHomeScreen": false
}
