{
    "Acceleration": 5,
    "CreationTime": "20231130T172359",
    "DoNotShowWindowOnFinish": false,
    "Events": [
        {
            "Delta": 0,
            "EventType": "MouseDown",
            "Timestamp": 821,
            "X": 30.600000381469727,
            "Y": 75.83999633789062
        },
        {
            "Delta": 0,
            "EventType": "MouseMove",
            "Timestamp": 829,
            "X": 30.600000381469727,
            "Y": 75.73999786376953
        },
        {
            "Delta": 0,
            "EventType": "MouseMove",
            "Timestamp": 837,
            "X": 30.600000381469727,
            "Y": 75.52999877929688
        },
        {
            "Delta": 0,
            "EventType": "MouseMove",
            "Timestamp": 845,
            "X": 30.600000381469727,
            "Y": 75.43000030517578
        },
        {
            "Delta": 0,
            "EventType": "MouseMove",
            "Timestamp": 853,
            "X": 30.600000381469727,
            "Y": 75.2300033569336
        },
        {
            "Delta": 0,
            "EventType": "MouseMove",
            "Timestamp": 860,
            "X": 30.600000381469727,
            "Y": 75.0199966430664
        },
        {
            "Delta": 0,
            "EventType": "MouseMove",
            "Timestamp": 869,
            "X": 30.600000381469727,
            "Y": 74.91999816894531
        },
        {
            "Delta": 0,
            "EventType": "MouseMove",
            "Timestamp": 877,
            "X": 30.600000381469727,
            "Y": 74.81999969482422
        },
        {
            "Delta": 0,
            "EventType": "MouseMove",
            "Timestamp": 884,
            "X": 30.600000381469727,
            "Y": 74.70999908447266
        },
        {
            "Delta": 0,
            "EventType": "MouseMove",
            "Timestamp": 893,
            "X": 30.600000381469727,
            "Y": 74.41000366210938
        },
        {
            "Delta": 0,
            "EventType": "MouseMove",
            "Timestamp": 901,
            "X": 30.600000381469727,
            "Y": 74.30000305175781
        },
        {
            "Delta": 0,
            "EventType": "MouseMove",
            "Timestamp": 909,
            "X": 30.600000381469727,
            "Y": 74.19999694824219
        },
        {
            "Delta": 0,
            "EventType": "MouseMove",
            "Timestamp": 917,
            "X": 30.600000381469727,
            "Y": 74
        },
        {
            "Delta": 0,
            "EventType": "MouseMove",
            "Timestamp": 924,
            "X": 30.600000381469727,
            "Y": 73.69000244140625
        },
        {
            "Delta": 0,
            "EventType": "MouseMove",
            "Timestamp": 932,
            "X": 30.600000381469727,
            "Y": 73.58999633789062
        },
        {
            "Delta": 0,
            "EventType": "MouseMove",
            "Timestamp": 941,
            "X": 30.600000381469727,
            "Y": 73.27999877929688
        },
        {
            "Delta": 0,
            "EventType": "MouseMove",
            "Timestamp": 948,
            "X": 30.600000381469727,
            "Y": 72.97000122070312
        },
        {
            "Delta": 0,
            "EventType": "MouseMove",
            "Timestamp": 956,
            "X": 30.600000381469727,
            "Y": 72.55999755859375
        },
        {
            "Delta": 0,
            "EventType": "MouseMove",
            "Timestamp": 965,
            "X": 30.600000381469727,
            "Y": 72.36000061035156
        },
        {
            "Delta": 0,
            "EventType": "MouseMove",
            "Timestamp": 973,
            "X": 30.600000381469727,
            "Y": 72.26000213623047
        },
        {
            "Delta": 0,
            "EventType": "MouseMove",
            "Timestamp": 981,
            "X": 30.600000381469727,
            "Y": 72.05000305175781
        },
        {
            "Delta": 0,
            "EventType": "MouseMove",
            "Timestamp": 989,
            "X": 30.600000381469727,
            "Y": 71.94999694824219
        },
        {
            "Delta": 0,
            "EventType": "MouseMove",
            "Timestamp": 997,
            "X": 30.600000381469727,
            "Y": 71.8499984741211
        },
        {
            "Delta": 0,
            "EventType": "MouseMove",
            "Timestamp": 1005,
            "X": 30.600000381469727,
            "Y": 71.54000091552734
        },
        {
            "Delta": 0,
            "EventType": "MouseMove",
            "Timestamp": 1013,
            "X": 30.600000381469727,
            "Y": 71.33999633789062
        },
        {
            "Delta": 0,
            "EventType": "MouseMove",
            "Timestamp": 1021,
            "X": 30.600000381469727,
            "Y": 71.02999877929688
        },
        {
            "Delta": 0,
            "EventType": "MouseMove",
            "Timestamp": 1029,
            "X": 30.600000381469727,
            "Y": 70.81999969482422
        },
        {
            "Delta": 0,
            "EventType": "MouseMove",
            "Timestamp": 1037,
            "X": 30.600000381469727,
            "Y": 70.72000122070312
        },
        {
            "Delta": 0,
            "EventType": "MouseMove",
            "Timestamp": 1045,
            "X": 30.600000381469727,
            "Y": 70.5199966430664
        },
        {
            "Delta": 0,
            "EventType": "MouseMove",
            "Timestamp": 1053,
            "X": 30.600000381469727,
            "Y": 70.20999908447266
        },
        {
            "Delta": 0,
            "EventType": "MouseMove",
            "Timestamp": 1061,
            "X": 30.600000381469727,
            "Y": 70.01000213623047
        },
        {
            "Delta": 0,
            "EventType": "MouseMove",
            "Timestamp": 1069,
            "X": 30.600000381469727,
            "Y": 69.9000015258789
        },
        {
            "Delta": 0,
            "EventType": "MouseMove",
            "Timestamp": 1077,
            "X": 30.600000381469727,
            "Y": 69.80000305175781
        },
        {
            "Delta": 0,
            "EventType": "MouseMove",
            "Timestamp": 1085,
            "X": 30.600000381469727,
            "Y": 69.69999694824219
        },
        {
            "Delta": 0,
            "EventType": "MouseMove",
            "Timestamp": 1093,
            "X": 30.600000381469727,
            "Y": 69.5999984741211
        },
        {
            "Delta": 0,
            "EventType": "MouseMove",
            "Timestamp": 1101,
            "X": 30.600000381469727,
            "Y": 69.29000091552734
        },
        {
            "Delta": 0,
            "EventType": "MouseMove",
            "Timestamp": 1109,
            "X": 30.959999084472656,
            "Y": 69.08000183105469
        },
        {
            "Delta": 0,
            "EventType": "MouseMove",
            "Timestamp": 1117,
            "X": 30.959999084472656,
            "Y": 68.77999877929688
        },
        {
            "Delta": 0,
            "EventType": "MouseMove",
            "Timestamp": 1125,
            "X": 31.139999389648438,
            "Y": 68.37000274658203
        },
        {
            "Delta": 0,
            "EventType": "MouseMove",
            "Timestamp": 1133,
            "X": 31.139999389648438,
            "Y": 68.16000366210938
        },
        {
            "Delta": 0,
            "EventType": "MouseMove",
            "Timestamp": 1141,
            "X": 31.139999389648438,
            "Y": 67.95999908447266
        },
        {
            "Delta": 0,
            "EventType": "MouseMove",
            "Timestamp": 1149,
            "X": 31.139999389648438,
            "Y": 67.6500015258789
        },
        {
            "Delta": 0,
            "EventType": "MouseMove",
            "Timestamp": 1157,
            "X": 31.139999389648438,
            "Y": 67.44999694824219
        },
        {
            "Delta": 0,
            "EventType": "MouseMove",
            "Timestamp": 1165,
            "X": 31.139999389648438,
            "Y": 67.13999938964844
        },
        {
            "Delta": 0,
            "EventType": "MouseMove",
            "Timestamp": 1173,
            "X": 31.31999969482422,
            "Y": 67.04000091552734
        },
        {
            "Delta": 0,
            "EventType": "MouseMove",
            "Timestamp": 1180,
            "X": 31.31999969482422,
            "Y": 66.83000183105469
        },
        {
            "Delta": 0,
            "EventType": "MouseMove",
            "Timestamp": 1188,
            "X": 31.31999969482422,
            "Y": 66.7300033569336
        },
        {
            "Delta": 0,
            "EventType": "MouseMove",
            "Timestamp": 1197,
            "X": 31.31999969482422,
            "Y": 66.62999725341797
        },
        {
            "Delta": 0,
            "EventType": "MouseMove",
            "Timestamp": 1213,
            "X": 31.31999969482422,
            "Y": 66.41999816894531
        },
        {
            "Delta": 0,
            "EventType": "MouseMove",
            "Timestamp": 1229,
            "X": 31.31999969482422,
            "Y": 66.31999969482422
        },
        {
            "Delta": 0,
            "EventType": "MouseMove",
            "Timestamp": 1236,
            "X": 31.31999969482422,
            "Y": 66.12000274658203
        },
        {
            "Delta": 0,
            "EventType": "MouseMove",
            "Timestamp": 1245,
            "X": 31.31999969482422,
            "Y": 66.01000213623047
        },
        {
            "Delta": 0,
            "EventType": "MouseMove",
            "Timestamp": 1252,
            "X": 31.31999969482422,
            "Y": 65.80999755859375
        },
        {
            "Delta": 0,
            "EventType": "MouseMove",
            "Timestamp": 1261,
            "X": 31.31999969482422,
            "Y": 65.70999908447266
        },
        {
            "Delta": 0,
            "EventType": "MouseMove",
            "Timestamp": 1269,
            "X": 31.31999969482422,
            "Y": 65.5999984741211
        },
        {
            "Delta": 0,
            "EventType": "MouseMove",
            "Timestamp": 1277,
            "X": 31.31999969482422,
            "Y": 65.5
        },
        {
            "Delta": 0,
            "EventType": "MouseMove",
            "Timestamp": 1285,
            "X": 31.31999969482422,
            "Y": 65.30000305175781
        },
        {
            "Delta": 0,
            "EventType": "MouseMove",
            "Timestamp": 1301,
            "X": 31.31999969482422,
            "Y": 65.19000244140625
        },
        {
            "Delta": 0,
            "EventType": "MouseMove",
            "Timestamp": 1309,
            "X": 31.31999969482422,
            "Y": 65.08999633789062
        },
        {
            "Delta": 0,
            "EventType": "MouseMove",
            "Timestamp": 1413,
            "X": 31.31999969482422,
            "Y": 64.88999938964844
        },
        {
            "Delta": 0,
            "EventType": "MouseUp",
            "Timestamp": 1621,
            "X": 31.31999969482422,
            "Y": 64.88999938964844
        }
    ],
    "LoopDuration": 0,
    "LoopInterval": 0,
    "LoopIterations": 1,
    "LoopType": "TillLoopNumber",
    "MacroSchemaVersion": 3,
    "MergeConfigurations": [
    ],
    "RestartPlayer": false,
    "RestartPlayerAfterMinutes": 60,
    "Shortcut": "Alt + D",
    "StopOnHomeScreen": false
}
