{
    "Acceleration": 5,
    "CreationTime": "20231130T172655",
    "DoNotShowWindowOnFinish": false,
    "Events": [
        {
            "Delta": 0,
            "EventType": "MouseDown",
            "Timestamp": 801,
            "X": 64.29000091552734,
            "Y": 75.43000030517578
        },
        {
            "Delta": 0,
            "EventType": "MouseMove",
            "Timestamp": 849,
            "X": 63.93000030517578,
            "Y": 75.43000030517578
        },
        {
            "Delta": 0,
            "EventType": "MouseMove",
            "Timestamp": 966,
            "X": 63.93000030517578,
            "Y": 75.33000183105469
        },
        {
            "Delta": 0,
            "EventType": "MouseMove",
            "Timestamp": 979,
            "X": 63.93000030517578,
            "Y": 75.0199966430664
        },
        {
            "Delta": 0,
            "EventType": "MouseMove",
            "Timestamp": 981,
            "X": 63.93000030517578,
            "Y": 74.91999816894531
        },
        {
            "Delta": 0,
            "EventType": "MouseMove",
            "Timestamp": 989,
            "X": 63.93000030517578,
            "Y": 74.70999908447266
        },
        {
            "Delta": 0,
            "EventType": "MouseMove",
            "Timestamp": 997,
            "X": 63.93000030517578,
            "Y": 74.61000061035156
        },
        {
            "Delta": 0,
            "EventType": "MouseMove",
            "Timestamp": 1006,
            "X": 63.93000030517578,
            "Y": 74.51000213623047
        },
        {
            "Delta": 0,
            "EventType": "MouseMove",
            "Timestamp": 1013,
            "X": 63.93000030517578,
            "Y": 74.30000305175781
        },
        {
            "Delta": 0,
            "EventType": "MouseMove",
            "Timestamp": 1021,
            "X": 63.93000030517578,
            "Y": 74.0999984741211
        },
        {
            "Delta": 0,
            "EventType": "MouseMove",
            "Timestamp": 1025,
            "X": 63.93000030517578,
            "Y": 74
        },
        {
            "Delta": 0,
            "EventType": "MouseMove",
            "Timestamp": 1033,
            "X": 63.93000030517578,
            "Y": 73.79000091552734
        },
        {
            "Delta": 0,
            "EventType": "MouseMove",
            "Timestamp": 1045,
            "X": 63.93000030517578,
            "Y": 73.69000244140625
        },
        {
            "Delta": 0,
            "EventType": "MouseMove",
            "Timestamp": 1053,
            "X": 63.93000030517578,
            "Y": 73.48999786376953
        },
        {
            "Delta": 0,
            "EventType": "MouseMove",
            "Timestamp": 1061,
            "X": 63.93000030517578,
            "Y": 73.18000030517578
        },
        {
            "Delta": 0,
            "EventType": "MouseMove",
            "Timestamp": 1068,
            "X": 63.93000030517578,
            "Y": 73.08000183105469
        },
        {
            "Delta": 0,
            "EventType": "MouseMove",
            "Timestamp": 1077,
            "X": 63.93000030517578,
            "Y": 72.87000274658203
        },
        {
            "Delta": 0,
            "EventType": "MouseMove",
            "Timestamp": 1085,
            "X": 63.93000030517578,
            "Y": 72.66999816894531
        },
        {
            "Delta": 0,
            "EventType": "MouseMove",
            "Timestamp": 1089,
            "X": 63.93000030517578,
            "Y": 72.36000061035156
        },
        {
            "Delta": 0,
            "EventType": "MouseMove",
            "Timestamp": 1097,
            "X": 63.93000030517578,
            "Y": 72.1500015258789
        },
        {
            "Delta": 0,
            "EventType": "MouseMove",
            "Timestamp": 1106,
            "X": 63.93000030517578,
            "Y": 72.05000305175781
        },
        {
            "Delta": 0,
            "EventType": "MouseMove",
            "Timestamp": 1113,
            "X": 63.93000030517578,
            "Y": 71.94999694824219
        },
        {
            "Delta": 0,
            "EventType": "MouseMove",
            "Timestamp": 1121,
            "X": 63.93000030517578,
            "Y": 71.8499984741211
        },
        {
            "Delta": 0,
            "EventType": "MouseMove",
            "Timestamp": 1137,
            "X": 63.93000030517578,
            "Y": 71.75
        },
        {
            "Delta": 0,
            "EventType": "MouseMove",
            "Timestamp": 1145,
            "X": 63.93000030517578,
            "Y": 71.63999938964844
        },
        {
            "Delta": 0,
            "EventType": "MouseMove",
            "Timestamp": 1153,
            "X": 63.93000030517578,
            "Y": 71.33999633789062
        },
        {
            "Delta": 0,
            "EventType": "MouseMove",
            "Timestamp": 1161,
            "X": 63.75,
            "Y": 70.93000030517578
        },
        {
            "Delta": 0,
            "EventType": "MouseMove",
            "Timestamp": 1168,
            "X": 63.75,
            "Y": 70.72000122070312
        },
        {
            "Delta": 0,
            "EventType": "MouseMove",
            "Timestamp": 1177,
            "X": 63.75,
            "Y": 70.41000366210938
        },
        {
            "Delta": 0,
            "EventType": "MouseMove",
            "Timestamp": 1185,
            "X": 63.75,
            "Y": 70.01000213623047
        },
        {
            "Delta": 0,
            "EventType": "MouseMove",
            "Timestamp": 1194,
            "X": 63.56999969482422,
            "Y": 69.9000015258789
        },
        {
            "Delta": 0,
            "EventType": "MouseMove",
            "Timestamp": 1201,
            "X": 63.56999969482422,
            "Y": 69.80000305175781
        },
        {
            "Delta": 0,
            "EventType": "MouseMove",
            "Timestamp": 1210,
            "X": 63.56999969482422,
            "Y": 69.5999984741211
        },
        {
            "Delta": 0,
            "EventType": "MouseMove",
            "Timestamp": 1217,
            "X": 63.56999969482422,
            "Y": 69.48999786376953
        },
        {
            "Delta": 0,
            "EventType": "MouseMove",
            "Timestamp": 1229,
            "X": 63.380001068115234,
            "Y": 69.38999938964844
        },
        {
            "Delta": 0,
            "EventType": "MouseMove",
            "Timestamp": 1238,
            "X": 63.380001068115234,
            "Y": 69.29000091552734
        },
        {
            "Delta": 0,
            "EventType": "MouseMove",
            "Timestamp": 1245,
            "X": 63.380001068115234,
            "Y": 69.19000244140625
        },
        {
            "Delta": 0,
            "EventType": "MouseMove",
            "Timestamp": 1253,
            "X": 63.380001068115234,
            "Y": 69.08000183105469
        },
        {
            "Delta": 0,
            "EventType": "MouseMove",
            "Timestamp": 1261,
            "X": 63.380001068115234,
            "Y": 68.77999877929688
        },
        {
            "Delta": 0,
            "EventType": "MouseMove",
            "Timestamp": 1269,
            "X": 63.380001068115234,
            "Y": 68.66999816894531
        },
        {
            "Delta": 0,
            "EventType": "MouseMove",
            "Timestamp": 1278,
            "X": 63.380001068115234,
            "Y": 68.47000122070312
        },
        {
            "Delta": 0,
            "EventType": "MouseMove",
            "Timestamp": 1285,
            "X": 63.380001068115234,
            "Y": 68.2699966430664
        },
        {
            "Delta": 0,
            "EventType": "MouseMove",
            "Timestamp": 1297,
            "X": 63.380001068115234,
            "Y": 68.16000366210938
        },
        {
            "Delta": 0,
            "EventType": "MouseMove",
            "Timestamp": 1306,
            "X": 63.380001068115234,
            "Y": 68.05999755859375
        },
        {
            "Delta": 0,
            "EventType": "MouseMove",
            "Timestamp": 1313,
            "X": 63.380001068115234,
            "Y": 67.86000061035156
        },
        {
            "Delta": 0,
            "EventType": "MouseMove",
            "Timestamp": 1321,
            "X": 63.380001068115234,
            "Y": 67.75
        },
        {
            "Delta": 0,
            "EventType": "MouseMove",
            "Timestamp": 1329,
            "X": 63.380001068115234,
            "Y": 67.6500015258789
        },
        {
            "Delta": 0,
            "EventType": "MouseMove",
            "Timestamp": 1345,
            "X": 63.380001068115234,
            "Y": 67.55000305175781
        },
        {
            "Delta": 0,
            "EventType": "MouseMove",
            "Timestamp": 1353,
            "X": 63.380001068115234,
            "Y": 67.44999694824219
        },
        {
            "Delta": 0,
            "EventType": "MouseMove",
            "Timestamp": 1361,
            "X": 63.380001068115234,
            "Y": 67.33999633789062
        },
        {
            "Delta": 0,
            "EventType": "MouseMove",
            "Timestamp": 1369,
            "X": 63.380001068115234,
            "Y": 67.13999938964844
        },
        {
            "Delta": 0,
            "EventType": "MouseMove",
            "Timestamp": 1378,
            "X": 63.380001068115234,
            "Y": 67.04000091552734
        },
        {
            "Delta": 0,
            "EventType": "MouseMove",
            "Timestamp": 1385,
            "X": 63.380001068115234,
            "Y": 66.93000030517578
        },
        {
            "Delta": 0,
            "EventType": "MouseMove",
            "Timestamp": 1394,
            "X": 63.380001068115234,
            "Y": 66.83000183105469
        },
        {
            "Delta": 0,
            "EventType": "MouseMove",
            "Timestamp": 1401,
            "X": 63.56999969482422,
            "Y": 66.7300033569336
        },
        {
            "Delta": 0,
            "EventType": "MouseMove",
            "Timestamp": 1409,
            "X": 63.56999969482422,
            "Y": 66.62999725341797
        },
        {
            "Delta": 0,
            "EventType": "MouseMove",
            "Timestamp": 1425,
            "X": 63.56999969482422,
            "Y": 66.41999816894531
        },
        {
            "Delta": 0,
            "EventType": "MouseMove",
            "Timestamp": 1441,
            "X": 63.56999969482422,
            "Y": 66.31999969482422
        },
        {
            "Delta": 0,
            "EventType": "MouseMove",
            "Timestamp": 1457,
            "X": 63.56999969482422,
            "Y": 66.22000122070312
        },
        {
            "Delta": 0,
            "EventType": "MouseMove",
            "Timestamp": 1466,
            "X": 63.56999969482422,
            "Y": 66.12000274658203
        },
        {
            "Delta": 0,
            "EventType": "MouseMove",
            "Timestamp": 1473,
            "X": 63.56999969482422,
            "Y": 66.01000213623047
        },
        {
            "Delta": 0,
            "EventType": "MouseMove",
            "Timestamp": 1481,
            "X": 63.56999969482422,
            "Y": 65.91000366210938
        },
        {
            "Delta": 0,
            "EventType": "MouseMove",
            "Timestamp": 1489,
            "X": 63.56999969482422,
            "Y": 65.80999755859375
        },
        {
            "Delta": 0,
            "EventType": "MouseMove",
            "Timestamp": 1505,
            "X": 63.56999969482422,
            "Y": 65.70999908447266
        },
        {
            "Delta": 0,
            "EventType": "MouseMove",
            "Timestamp": 1522,
            "X": 63.56999969482422,
            "Y": 65.5999984741211
        },
        {
            "Delta": 0,
            "EventType": "MouseMove",
            "Timestamp": 1542,
            "X": 63.56999969482422,
            "Y": 65.4000015258789
        },
        {
            "Delta": 0,
            "EventType": "MouseMove",
            "Timestamp": 1554,
            "X": 63.56999969482422,
            "Y": 65.30000305175781
        },
        {
            "Delta": 0,
            "EventType": "MouseMove",
            "Timestamp": 1569,
            "X": 63.56999969482422,
            "Y": 65.19000244140625
        },
        {
            "Delta": 0,
            "EventType": "MouseMove",
            "Timestamp": 1586,
            "X": 63.56999969482422,
            "Y": 64.98999786376953
        },
        {
            "Delta": 0,
            "EventType": "MouseUp",
            "Timestamp": 1678,
            "X": 63.56999969482422,
            "Y": 64.98999786376953
        }
    ],
    "LoopDuration": 0,
    "LoopInterval": 0,
    "LoopIterations": 1,
    "LoopType": "TillLoopNumber",
    "MacroSchemaVersion": 3,
    "MergeConfigurations": [
    ],
    "RestartPlayer": false,
    "RestartPlayerAfterMinutes": 60,
    "Shortcut": "Alt + L",
    "StopOnHomeScreen": false
}
