{
    "Acceleration": 5,
    "CreationTime": "20231130T171845",
    "DoNotShowWindowOnFinish": false,
    "Events": [
        {
            "Delta": 0,
            "EventType": "MouseDown",
            "Timestamp": 489,
            "X": 30.600000381469727,
            "Y": 64.79000091552734
        },
        {
            "Delta": 0,
            "EventType": "MouseMove",
            "Timestamp": 561,
            "X": 30.600000381469727,
            "Y": 64.98999786376953
        },
        {
            "Delta": 0,
            "EventType": "MouseMove",
            "Timestamp": 569,
            "X": 30.600000381469727,
            "Y": 65.30000305175781
        },
        {
            "Delta": 0,
            "EventType": "MouseMove",
            "Timestamp": 577,
            "X": 30.600000381469727,
            "Y": 65.5
        },
        {
            "Delta": 0,
            "EventType": "MouseMove",
            "Timestamp": 585,
            "X": 30.600000381469727,
            "Y": 65.80999755859375
        },
        {
            "Delta": 0,
            "EventType": "MouseMove",
            "Timestamp": 593,
            "X": 30.600000381469727,
            "Y": 66.31999969482422
        },
        {
            "Delta": 0,
            "EventType": "MouseMove",
            "Timestamp": 601,
            "X": 30.600000381469727,
            "Y": 66.62999725341797
        },
        {
            "Delta": 0,
            "EventType": "MouseMove",
            "Timestamp": 609,
            "X": 30.600000381469727,
            "Y": 66.83000183105469
        },
        {
            "Delta": 0,
            "EventType": "MouseMove",
            "Timestamp": 617,
            "X": 30.600000381469727,
            "Y": 67.04000091552734
        },
        {
            "Delta": 0,
            "EventType": "MouseMove",
            "Timestamp": 625,
            "X": 30.600000381469727,
            "Y": 67.33999633789062
        },
        {
            "Delta": 0,
            "EventType": "MouseMove",
            "Timestamp": 633,
            "X": 30.600000381469727,
            "Y": 67.44999694824219
        },
        {
            "Delta": 0,
            "EventType": "MouseMove",
            "Timestamp": 641,
            "X": 30.600000381469727,
            "Y": 67.55000305175781
        },
        {
            "Delta": 0,
            "EventType": "MouseMove",
            "Timestamp": 649,
            "X": 30.600000381469727,
            "Y": 67.6500015258789
        },
        {
            "Delta": 0,
            "EventType": "MouseMove",
            "Timestamp": 656,
            "X": 30.600000381469727,
            "Y": 67.75
        },
        {
            "Delta": 0,
            "EventType": "MouseMove",
            "Timestamp": 665,
            "X": 30.600000381469727,
            "Y": 67.86000061035156
        },
        {
            "Delta": 0,
            "EventType": "MouseMove",
            "Timestamp": 673,
            "X": 30.600000381469727,
            "Y": 67.95999908447266
        },
        {
            "Delta": 0,
            "EventType": "MouseMove",
            "Timestamp": 681,
            "X": 30.600000381469727,
            "Y": 68.05999755859375
        },
        {
            "Delta": 0,
            "EventType": "MouseMove",
            "Timestamp": 689,
            "X": 30.40999984741211,
            "Y": 68.37000274658203
        },
        {
            "Delta": 0,
            "EventType": "MouseMove",
            "Timestamp": 697,
            "X": 30.40999984741211,
            "Y": 68.56999969482422
        },
        {
            "Delta": 0,
            "EventType": "MouseMove",
            "Timestamp": 705,
            "X": 30.40999984741211,
            "Y": 68.66999816894531
        },
        {
            "Delta": 0,
            "EventType": "MouseMove",
            "Timestamp": 713,
            "X": 30.40999984741211,
            "Y": 68.87999725341797
        },
        {
            "Delta": 0,
            "EventType": "MouseMove",
            "Timestamp": 721,
            "X": 30.40999984741211,
            "Y": 68.9800033569336
        },
        {
            "Delta": 0,
            "EventType": "MouseMove",
            "Timestamp": 729,
            "X": 30.40999984741211,
            "Y": 69.29000091552734
        },
        {
            "Delta": 0,
            "EventType": "MouseMove",
            "Timestamp": 737,
            "X": 30.40999984741211,
            "Y": 69.38999938964844
        },
        {
            "Delta": 0,
            "EventType": "MouseMove",
            "Timestamp": 745,
            "X": 30.40999984741211,
            "Y": 69.48999786376953
        },
        {
            "Delta": 0,
            "EventType": "MouseMove",
            "Timestamp": 753,
            "X": 30.40999984741211,
            "Y": 69.5999984741211
        },
        {
            "Delta": 0,
            "EventType": "MouseMove",
            "Timestamp": 777,
            "X": 30.40999984741211,
            "Y": 69.69999694824219
        },
        {
            "Delta": 0,
            "EventType": "MouseMove",
            "Timestamp": 793,
            "X": 30.40999984741211,
            "Y": 69.80000305175781
        },
        {
            "Delta": 0,
            "EventType": "MouseMove",
            "Timestamp": 810,
            "X": 30.40999984741211,
            "Y": 69.9000015258789
        },
        {
            "Delta": 0,
            "EventType": "MouseMove",
            "Timestamp": 817,
            "X": 30.40999984741211,
            "Y": 70.01000213623047
        },
        {
            "Delta": 0,
            "EventType": "MouseMove",
            "Timestamp": 833,
            "X": 30.40999984741211,
            "Y": 70.20999908447266
        },
        {
            "Delta": 0,
            "EventType": "MouseMove",
            "Timestamp": 841,
            "X": 30.40999984741211,
            "Y": 70.30999755859375
        },
        {
            "Delta": 0,
            "EventType": "MouseMove",
            "Timestamp": 849,
            "X": 30.40999984741211,
            "Y": 70.62000274658203
        },
        {
            "Delta": 0,
            "EventType": "MouseMove",
            "Timestamp": 857,
            "X": 30.40999984741211,
            "Y": 70.72000122070312
        },
        {
            "Delta": 0,
            "EventType": "MouseMove",
            "Timestamp": 865,
            "X": 30.40999984741211,
            "Y": 70.93000030517578
        },
        {
            "Delta": 0,
            "EventType": "MouseMove",
            "Timestamp": 873,
            "X": 30.40999984741211,
            "Y": 71.02999877929688
        },
        {
            "Delta": 0,
            "EventType": "MouseMove",
            "Timestamp": 881,
            "X": 30.40999984741211,
            "Y": 71.12999725341797
        },
        {
            "Delta": 0,
            "EventType": "MouseMove",
            "Timestamp": 889,
            "X": 30.40999984741211,
            "Y": 71.2300033569336
        },
        {
            "Delta": 0,
            "EventType": "MouseMove",
            "Timestamp": 897,
            "X": 30.40999984741211,
            "Y": 71.33999633789062
        },
        {
            "Delta": 0,
            "EventType": "MouseMove",
            "Timestamp": 905,
            "X": 30.40999984741211,
            "Y": 71.44000244140625
        },
        {
            "Delta": 0,
            "EventType": "MouseMove",
            "Timestamp": 913,
            "X": 30.40999984741211,
            "Y": 71.54000091552734
        },
        {
            "Delta": 0,
            "EventType": "MouseMove",
            "Timestamp": 921,
            "X": 30.40999984741211,
            "Y": 71.8499984741211
        },
        {
            "Delta": 0,
            "EventType": "MouseMove",
            "Timestamp": 929,
            "X": 30.40999984741211,
            "Y": 72.05000305175781
        },
        {
            "Delta": 0,
            "EventType": "MouseMove",
            "Timestamp": 937,
            "X": 30.40999984741211,
            "Y": 72.1500015258789
        },
        {
            "Delta": 0,
            "EventType": "MouseMove",
            "Timestamp": 945,
            "X": 30.40999984741211,
            "Y": 72.36000061035156
        },
        {
            "Delta": 0,
            "EventType": "MouseMove",
            "Timestamp": 953,
            "X": 30.40999984741211,
            "Y": 72.66999816894531
        },
        {
            "Delta": 0,
            "EventType": "MouseMove",
            "Timestamp": 961,
            "X": 30.229999542236328,
            "Y": 72.87000274658203
        },
        {
            "Delta": 0,
            "EventType": "MouseMove",
            "Timestamp": 969,
            "X": 30.229999542236328,
            "Y": 73.18000030517578
        },
        {
            "Delta": 0,
            "EventType": "MouseMove",
            "Timestamp": 977,
            "X": 30.229999542236328,
            "Y": 73.27999877929688
        },
        {
            "Delta": 0,
            "EventType": "MouseMove",
            "Timestamp": 986,
            "X": 30.229999542236328,
            "Y": 73.48999786376953
        },
        {
            "Delta": 0,
            "EventType": "MouseMove",
            "Timestamp": 994,
            "X": 30.049999237060547,
            "Y": 73.58999633789062
        },
        {
            "Delta": 0,
            "EventType": "MouseMove",
            "Timestamp": 1001,
            "X": 30.049999237060547,
            "Y": 73.79000091552734
        },
        {
            "Delta": 0,
            "EventType": "MouseMove",
            "Timestamp": 1010,
            "X": 30.049999237060547,
            "Y": 73.88999938964844
        },
        {
            "Delta": 0,
            "EventType": "MouseMove",
            "Timestamp": 1017,
            "X": 30.049999237060547,
            "Y": 74.0999984741211
        },
        {
            "Delta": 0,
            "EventType": "MouseMove",
            "Timestamp": 1025,
            "X": 30.049999237060547,
            "Y": 74.19999694824219
        },
        {
            "Delta": 0,
            "EventType": "MouseMove",
            "Timestamp": 1033,
            "X": 29.8700008392334,
            "Y": 74.19999694824219
        },
        {
            "Delta": 0,
            "EventType": "MouseMove",
            "Timestamp": 1041,
            "X": 29.8700008392334,
            "Y": 74.30000305175781
        },
        {
            "Delta": 0,
            "EventType": "MouseMove",
            "Timestamp": 1074,
            "X": 29.8700008392334,
            "Y": 74.41000366210938
        },
        {
            "Delta": 0,
            "EventType": "MouseMove",
            "Timestamp": 1089,
            "X": 29.8700008392334,
            "Y": 74.51000213623047
        },
        {
            "Delta": 0,
            "EventType": "MouseMove",
            "Timestamp": 1105,
            "X": 29.8700008392334,
            "Y": 74.70999908447266
        },
        {
            "Delta": 0,
            "EventType": "MouseMove",
            "Timestamp": 1137,
            "X": 29.8700008392334,
            "Y": 74.81999969482422
        },
        {
            "Delta": 0,
            "EventType": "MouseMove",
            "Timestamp": 1209,
            "X": 29.8700008392334,
            "Y": 74.91999816894531
        },
        {
            "Delta": 0,
            "EventType": "MouseMove",
            "Timestamp": 1217,
            "X": 29.8700008392334,
            "Y": 75.0199966430664
        },
        {
            "Delta": 0,
            "EventType": "MouseMove",
            "Timestamp": 1233,
            "X": 29.8700008392334,
            "Y": 75.12000274658203
        },
        {
            "Delta": 0,
            "EventType": "MouseMove",
            "Timestamp": 1249,
            "X": 29.8700008392334,
            "Y": 75.2300033569336
        },
        {
            "Delta": 0,
            "EventType": "MouseMove",
            "Timestamp": 1264,
            "X": 29.8700008392334,
            "Y": 75.33000183105469
        },
        {
            "Delta": 0,
            "EventType": "MouseUp",
            "Timestamp": 1394,
            "X": 29.8700008392334,
            "Y": 75.33000183105469
        }
    ],
    "LoopDuration": 0,
    "LoopInterval": 0,
    "LoopIterations": 1,
    "LoopType": "TillLoopNumber",
    "MacroSchemaVersion": 3,
    "MergeConfigurations": [
    ],
    "RestartPlayer": false,
    "RestartPlayerAfterMinutes": 60,
    "Shortcut": "Ctrl + S",
    "StopOnHomeScreen": false
}
