{
    "Acceleration": 5,
    "CreationTime": "20231130T171350",
    "DoNotShowWindowOnFinish": false,
    "Events": [
        {
            "Delta": 0,
            "EventType": "MouseDown",
            "Timestamp": 663,
            "X": 30.229999542236328,
            "Y": 55.15999984741211
        },
        {
            "Delta": 0,
            "EventType": "MouseMove",
            "Timestamp": 791,
            "X": 30.049999237060547,
            "Y": 55.15999984741211
        },
        {
            "Delta": 0,
            "EventType": "MouseMove",
            "Timestamp": 807,
            "X": 29.8700008392334,
            "Y": 55.15999984741211
        },
        {
            "Delta": 0,
            "EventType": "MouseMove",
            "Timestamp": 815,
            "X": 29.690000534057617,
            "Y": 55.060001373291016
        },
        {
            "Delta": 0,
            "EventType": "MouseMove",
            "Timestamp": 823,
            "X": 28.959999084472656,
            "Y": 55.060001373291016
        },
        {
            "Delta": 0,
            "EventType": "MouseMove",
            "Timestamp": 831,
            "X": 28.59000015258789,
            "Y": 55.060001373291016
        },
        {
            "Delta": 0,
            "EventType": "MouseMove",
            "Timestamp": 840,
            "X": 27.860000610351562,
            "Y": 55.060001373291016
        },
        {
            "Delta": 0,
            "EventType": "MouseMove",
            "Timestamp": 847,
            "X": 27.139999389648438,
            "Y": 55.060001373291016
        },
        {
            "Delta": 0,
            "EventType": "MouseMove",
            "Timestamp": 855,
            "X": 26.040000915527344,
            "Y": 55.060001373291016
        },
        {
            "Delta": 0,
            "EventType": "MouseMove",
            "Timestamp": 863,
            "X": 25.309999465942383,
            "Y": 55.060001373291016
        },
        {
            "Delta": 0,
            "EventType": "MouseMove",
            "Timestamp": 871,
            "X": 24.399999618530273,
            "Y": 55.060001373291016
        },
        {
            "Delta": 0,
            "EventType": "MouseMove",
            "Timestamp": 879,
            "X": 23.670000076293945,
            "Y": 55.060001373291016
        },
        {
            "Delta": 0,
            "EventType": "MouseMove",
            "Timestamp": 887,
            "X": 22.950000762939453,
            "Y": 55.060001373291016
        },
        {
            "Delta": 0,
            "EventType": "MouseMove",
            "Timestamp": 895,
            "X": 22.219999313354492,
            "Y": 55.060001373291016
        },
        {
            "Delta": 0,
            "EventType": "MouseMove",
            "Timestamp": 903,
            "X": 21.489999771118164,
            "Y": 55.060001373291016
        },
        {
            "Delta": 0,
            "EventType": "MouseMove",
            "Timestamp": 911,
            "X": 20.760000228881836,
            "Y": 55.060001373291016
        },
        {
            "Delta": 0,
            "EventType": "MouseMove",
            "Timestamp": 919,
            "X": 20.030000686645508,
            "Y": 55.060001373291016
        },
        {
            "Delta": 0,
            "EventType": "MouseMove",
            "Timestamp": 927,
            "X": 19.479999542236328,
            "Y": 55.060001373291016
        },
        {
            "Delta": 0,
            "EventType": "MouseMove",
            "Timestamp": 935,
            "X": 18.760000228881836,
            "Y": 55.060001373291016
        },
        {
            "Delta": 0,
            "EventType": "MouseMove",
            "Timestamp": 943,
            "X": 18.56999969482422,
            "Y": 55.060001373291016
        },
        {
            "Delta": 0,
            "EventType": "MouseMove",
            "Timestamp": 951,
            "X": 18.209999084472656,
            "Y": 55.060001373291016
        },
        {
            "Delta": 0,
            "EventType": "MouseMove",
            "Timestamp": 959,
            "X": 18.030000686645508,
            "Y": 55.060001373291016
        },
        {
            "Delta": 0,
            "EventType": "MouseMove",
            "Timestamp": 967,
            "X": 17.850000381469727,
            "Y": 55.060001373291016
        },
        {
            "Delta": 0,
            "EventType": "MouseMove",
            "Timestamp": 975,
            "X": 17.479999542236328,
            "Y": 55.060001373291016
        },
        {
            "Delta": 0,
            "EventType": "MouseMove",
            "Timestamp": 991,
            "X": 16.93000030517578,
            "Y": 55.060001373291016
        },
        {
            "Delta": 0,
            "EventType": "MouseMove",
            "Timestamp": 999,
            "X": 16.75,
            "Y": 55.060001373291016
        },
        {
            "Delta": 0,
            "EventType": "MouseMove",
            "Timestamp": 1007,
            "X": 16.56999969482422,
            "Y": 55.060001373291016
        },
        {
            "Delta": 0,
            "EventType": "MouseMove",
            "Timestamp": 1015,
            "X": 16.209999084472656,
            "Y": 55.060001373291016
        },
        {
            "Delta": 0,
            "EventType": "MouseMove",
            "Timestamp": 1023,
            "X": 15.65999984741211,
            "Y": 54.959999084472656
        },
        {
            "Delta": 0,
            "EventType": "MouseMove",
            "Timestamp": 1031,
            "X": 15.479999542236328,
            "Y": 54.959999084472656
        },
        {
            "Delta": 0,
            "EventType": "MouseMove",
            "Timestamp": 1039,
            "X": 15.300000190734863,
            "Y": 54.959999084472656
        },
        {
            "Delta": 0,
            "EventType": "MouseMove",
            "Timestamp": 1047,
            "X": 15.109999656677246,
            "Y": 54.959999084472656
        },
        {
            "Delta": 0,
            "EventType": "MouseMove",
            "Timestamp": 1063,
            "X": 14.930000305175781,
            "Y": 54.959999084472656
        },
        {
            "Delta": 0,
            "EventType": "MouseMove",
            "Timestamp": 1079,
            "X": 14.75,
            "Y": 54.959999084472656
        },
        {
            "Delta": 0,
            "EventType": "MouseMove",
            "Timestamp": 1119,
            "X": 14.569999694824219,
            "Y": 54.959999084472656
        },
        {
            "Delta": 0,
            "EventType": "MouseMove",
            "Timestamp": 1135,
            "X": 14.380000114440918,
            "Y": 54.959999084472656
        },
        {
            "Delta": 0,
            "EventType": "MouseMove",
            "Timestamp": 1143,
            "X": 14.199999809265137,
            "Y": 54.959999084472656
        },
        {
            "Delta": 0,
            "EventType": "MouseMove",
            "Timestamp": 1151,
            "X": 14.020000457763672,
            "Y": 54.959999084472656
        },
        {
            "Delta": 0,
            "EventType": "MouseMove",
            "Timestamp": 1159,
            "X": 13.84000015258789,
            "Y": 54.959999084472656
        },
        {
            "Delta": 0,
            "EventType": "MouseMove",
            "Timestamp": 1175,
            "X": 13.65999984741211,
            "Y": 54.959999084472656
        },
        {
            "Delta": 0,
            "EventType": "MouseMove",
            "Timestamp": 1191,
            "X": 13.470000267028809,
            "Y": 54.959999084472656
        },
        {
            "Delta": 0,
            "EventType": "MouseMove",
            "Timestamp": 1223,
            "X": 13.109999656677246,
            "Y": 54.959999084472656
        },
        {
            "Delta": 0,
            "EventType": "MouseUp",
            "Timestamp": 1343,
            "X": 13.109999656677246,
            "Y": 54.959999084472656
        }
    ],
    "LoopDuration": 0,
    "LoopInterval": 0,
    "LoopIterations": 1,
    "LoopType": "TillLoopNumber",
    "MacroSchemaVersion": 3,
    "MergeConfigurations": [
    ],
    "RestartPlayer": false,
    "RestartPlayerAfterMinutes": 60,
    "Shortcut": "9",
    "StopOnHomeScreen": false
}
