{
    "Acceleration": 5,
    "CreationTime": "20231130T173328",
    "DoNotShowWindowOnFinish": false,
    "Events": [
        {
            "Delta": 0,
            "EventType": "MouseDown",
            "Timestamp": 917,
            "X": 81.95999908447266,
            "Y": 83.41000366210938
        },
        {
            "Delta": 0,
            "EventType": "MouseMove",
            "Timestamp": 1113,
            "X": 81.77999877929688,
            "Y": 83.41000366210938
        },
        {
            "Delta": 0,
            "EventType": "MouseMove",
            "Timestamp": 1125,
            "X": 81.41999816894531,
            "Y": 83.5199966430664
        },
        {
            "Delta": 0,
            "EventType": "MouseMove",
            "Timestamp": 1133,
            "X": 80.87000274658203,
            "Y": 83.5199966430664
        },
        {
            "Delta": 0,
            "EventType": "MouseMove",
            "Timestamp": 1141,
            "X": 79.77999877929688,
            "Y": 83.62000274658203
        },
        {
            "Delta": 0,
            "EventType": "MouseMove",
            "Timestamp": 1149,
            "X": 79.41000366210938,
            "Y": 83.62000274658203
        },
        {
            "Delta": 0,
            "EventType": "MouseMove",
            "Timestamp": 1157,
            "X": 78.68000030517578,
            "Y": 83.62000274658203
        },
        {
            "Delta": 0,
            "EventType": "MouseMove",
            "Timestamp": 1165,
            "X": 77.94999694824219,
            "Y": 83.62000274658203
        },
        {
            "Delta": 0,
            "EventType": "MouseMove",
            "Timestamp": 1173,
            "X": 77.41000366210938,
            "Y": 83.72000122070312
        },
        {
            "Delta": 0,
            "EventType": "MouseMove",
            "Timestamp": 1181,
            "X": 77.04000091552734,
            "Y": 83.72000122070312
        },
        {
            "Delta": 0,
            "EventType": "MouseMove",
            "Timestamp": 1188,
            "X": 76.68000030517578,
            "Y": 83.72000122070312
        },
        {
            "Delta": 0,
            "EventType": "MouseMove",
            "Timestamp": 1197,
            "X": 76.5,
            "Y": 83.72000122070312
        },
        {
            "Delta": 0,
            "EventType": "MouseMove",
            "Timestamp": 1205,
            "X": 75.94999694824219,
            "Y": 83.72000122070312
        },
        {
            "Delta": 0,
            "EventType": "MouseMove",
            "Timestamp": 1213,
            "X": 75.58999633789062,
            "Y": 83.72000122070312
        },
        {
            "Delta": 0,
            "EventType": "MouseMove",
            "Timestamp": 1221,
            "X": 74.86000061035156,
            "Y": 83.72000122070312
        },
        {
            "Delta": 0,
            "EventType": "MouseMove",
            "Timestamp": 1229,
            "X": 74.30999755859375,
            "Y": 83.72000122070312
        },
        {
            "Delta": 0,
            "EventType": "MouseMove",
            "Timestamp": 1237,
            "X": 73.94999694824219,
            "Y": 83.72000122070312
        },
        {
            "Delta": 0,
            "EventType": "MouseMove",
            "Timestamp": 1245,
            "X": 73.22000122070312,
            "Y": 83.72000122070312
        },
        {
            "Delta": 0,
            "EventType": "MouseMove",
            "Timestamp": 1253,
            "X": 72.8499984741211,
            "Y": 83.72000122070312
        },
        {
            "Delta": 0,
            "EventType": "MouseMove",
            "Timestamp": 1261,
            "X": 72.30999755859375,
            "Y": 83.72000122070312
        },
        {
            "Delta": 0,
            "EventType": "MouseMove",
            "Timestamp": 1269,
            "X": 71.94000244140625,
            "Y": 83.72000122070312
        },
        {
            "Delta": 0,
            "EventType": "MouseMove",
            "Timestamp": 1277,
            "X": 71.4000015258789,
            "Y": 83.72000122070312
        },
        {
            "Delta": 0,
            "EventType": "MouseMove",
            "Timestamp": 1284,
            "X": 71.02999877929688,
            "Y": 83.72000122070312
        },
        {
            "Delta": 0,
            "EventType": "MouseMove",
            "Timestamp": 1293,
            "X": 70.66999816894531,
            "Y": 83.72000122070312
        },
        {
            "Delta": 0,
            "EventType": "MouseMove",
            "Timestamp": 1301,
            "X": 70.12000274658203,
            "Y": 83.72000122070312
        },
        {
            "Delta": 0,
            "EventType": "MouseMove",
            "Timestamp": 1309,
            "X": 69.76000213623047,
            "Y": 83.72000122070312
        },
        {
            "Delta": 0,
            "EventType": "MouseMove",
            "Timestamp": 1317,
            "X": 69.58000183105469,
            "Y": 83.72000122070312
        },
        {
            "Delta": 0,
            "EventType": "MouseMove",
            "Timestamp": 1325,
            "X": 68.8499984741211,
            "Y": 83.72000122070312
        },
        {
            "Delta": 0,
            "EventType": "MouseMove",
            "Timestamp": 1333,
            "X": 68.66999816894531,
            "Y": 83.72000122070312
        },
        {
            "Delta": 0,
            "EventType": "MouseMove",
            "Timestamp": 1341,
            "X": 68.4800033569336,
            "Y": 83.72000122070312
        },
        {
            "Delta": 0,
            "EventType": "MouseMove",
            "Timestamp": 1349,
            "X": 68.30000305175781,
            "Y": 83.72000122070312
        },
        {
            "Delta": 0,
            "EventType": "MouseMove",
            "Timestamp": 1365,
            "X": 67.94000244140625,
            "Y": 83.72000122070312
        },
        {
            "Delta": 0,
            "EventType": "MouseMove",
            "Timestamp": 1373,
            "X": 67.75,
            "Y": 83.62000274658203
        },
        {
            "Delta": 0,
            "EventType": "MouseMove",
            "Timestamp": 1381,
            "X": 67.38999938964844,
            "Y": 83.62000274658203
        },
        {
            "Delta": 0,
            "EventType": "MouseMove",
            "Timestamp": 1388,
            "X": 67.20999908447266,
            "Y": 83.62000274658203
        },
        {
            "Delta": 0,
            "EventType": "MouseMove",
            "Timestamp": 1397,
            "X": 67.02999877929688,
            "Y": 83.62000274658203
        },
        {
            "Delta": 0,
            "EventType": "MouseMove",
            "Timestamp": 1404,
            "X": 66.83999633789062,
            "Y": 83.62000274658203
        },
        {
            "Delta": 0,
            "EventType": "MouseMove",
            "Timestamp": 1421,
            "X": 66.66000366210938,
            "Y": 83.62000274658203
        },
        {
            "Delta": 0,
            "EventType": "MouseMove",
            "Timestamp": 1445,
            "X": 66.4800033569336,
            "Y": 83.62000274658203
        },
        {
            "Delta": 0,
            "EventType": "MouseMove",
            "Timestamp": 1453,
            "X": 66.30000305175781,
            "Y": 83.62000274658203
        },
        {
            "Delta": 0,
            "EventType": "MouseMove",
            "Timestamp": 1461,
            "X": 66.12000274658203,
            "Y": 83.62000274658203
        },
        {
            "Delta": 0,
            "EventType": "MouseMove",
            "Timestamp": 1469,
            "X": 65.75,
            "Y": 83.62000274658203
        },
        {
            "Delta": 0,
            "EventType": "MouseMove",
            "Timestamp": 1477,
            "X": 65.56999969482422,
            "Y": 83.62000274658203
        },
        {
            "Delta": 0,
            "EventType": "MouseMove",
            "Timestamp": 1485,
            "X": 65.38999938964844,
            "Y": 83.62000274658203
        },
        {
            "Delta": 0,
            "EventType": "MouseMove",
            "Timestamp": 1493,
            "X": 65.19999694824219,
            "Y": 83.62000274658203
        },
        {
            "Delta": 0,
            "EventType": "MouseMove",
            "Timestamp": 1501,
            "X": 64.83999633789062,
            "Y": 83.62000274658203
        },
        {
            "Delta": 0,
            "EventType": "MouseMove",
            "Timestamp": 1509,
            "X": 64.66000366210938,
            "Y": 83.62000274658203
        },
        {
            "Delta": 0,
            "EventType": "MouseMove",
            "Timestamp": 1533,
            "X": 64.4800033569336,
            "Y": 83.62000274658203
        },
        {
            "Delta": 0,
            "EventType": "MouseMove",
            "Timestamp": 1541,
            "X": 64.29000091552734,
            "Y": 83.62000274658203
        },
        {
            "Delta": 0,
            "EventType": "MouseMove",
            "Timestamp": 1556,
            "X": 64.11000061035156,
            "Y": 83.62000274658203
        },
        {
            "Delta": 0,
            "EventType": "MouseMove",
            "Timestamp": 1573,
            "X": 63.93000030517578,
            "Y": 83.62000274658203
        },
        {
            "Delta": 0,
            "EventType": "MouseMove",
            "Timestamp": 1581,
            "X": 63.75,
            "Y": 83.62000274658203
        },
        {
            "Delta": 0,
            "EventType": "MouseMove",
            "Timestamp": 1589,
            "X": 63.56999969482422,
            "Y": 83.72000122070312
        },
        {
            "Delta": 0,
            "EventType": "MouseMove",
            "Timestamp": 1605,
            "X": 63.380001068115234,
            "Y": 83.72000122070312
        },
        {
            "Delta": 0,
            "EventType": "MouseUp",
            "Timestamp": 1742,
            "X": 63.380001068115234,
            "Y": 83.72000122070312
        }
    ],
    "LoopDuration": 0,
    "LoopInterval": 0,
    "LoopIterations": 1,
    "LoopType": "TillLoopNumber",
    "MacroSchemaVersion": 3,
    "MergeConfigurations": [
    ],
    "RestartPlayer": false,
    "RestartPlayerAfterMinutes": 60,
    "Shortcut": "Alt + 1",
    "StopOnHomeScreen": false
}
