{
    "Acceleration": 5,
    "CreationTime": "20231130T171752",
    "DoNotShowWindowOnFinish": false,
    "Events": [
        {
            "Delta": 0,
            "EventType": "MouseDown",
            "Timestamp": 538,
            "X": 13.289999961853027,
            "Y": 64.88999938964844
        },
        {
            "Delta": 0,
            "EventType": "MouseMove",
            "Timestamp": 617,
            "X": 13.289999961853027,
            "Y": 64.79000091552734
        },
        {
            "Delta": 0,
            "EventType": "MouseMove",
            "Timestamp": 629,
            "X": 13.289999961853027,
            "Y": 64.58000183105469
        },
        {
            "Delta": 0,
            "EventType": "MouseMove",
            "Timestamp": 637,
            "X": 13.289999961853027,
            "Y": 64.37999725341797
        },
        {
            "Delta": 0,
            "EventType": "MouseMove",
            "Timestamp": 647,
            "X": 13.289999961853027,
            "Y": 64.16999816894531
        },
        {
            "Delta": 0,
            "EventType": "MouseMove",
            "Timestamp": 653,
            "X": 13.289999961853027,
            "Y": 63.970001220703125
        },
        {
            "Delta": 0,
            "EventType": "MouseMove",
            "Timestamp": 661,
            "X": 13.289999961853027,
            "Y": 63.65999984741211
        },
        {
            "Delta": 0,
            "EventType": "MouseMove",
            "Timestamp": 671,
            "X": 13.289999961853027,
            "Y": 63.45000076293945
        },
        {
            "Delta": 0,
            "EventType": "MouseMove",
            "Timestamp": 677,
            "X": 13.289999961853027,
            "Y": 63.349998474121094
        },
        {
            "Delta": 0,
            "EventType": "MouseMove",
            "Timestamp": 686,
            "X": 13.289999961853027,
            "Y": 63.150001525878906
        },
        {
            "Delta": 0,
            "EventType": "MouseMove",
            "Timestamp": 694,
            "X": 13.289999961853027,
            "Y": 62.84000015258789
        },
        {
            "Delta": 0,
            "EventType": "MouseMove",
            "Timestamp": 702,
            "X": 13.289999961853027,
            "Y": 62.63999938964844
        },
        {
            "Delta": 0,
            "EventType": "MouseMove",
            "Timestamp": 710,
            "X": 13.289999961853027,
            "Y": 62.529998779296875
        },
        {
            "Delta": 0,
            "EventType": "MouseMove",
            "Timestamp": 718,
            "X": 13.289999961853027,
            "Y": 62.43000030517578
        },
        {
            "Delta": 0,
            "EventType": "MouseMove",
            "Timestamp": 726,
            "X": 13.289999961853027,
            "Y": 62.119998931884766
        },
        {
            "Delta": 0,
            "EventType": "MouseMove",
            "Timestamp": 734,
            "X": 13.289999961853027,
            "Y": 61.91999816894531
        },
        {
            "Delta": 0,
            "EventType": "MouseMove",
            "Timestamp": 741,
            "X": 13.289999961853027,
            "Y": 61.81999969482422
        },
        {
            "Delta": 0,
            "EventType": "MouseMove",
            "Timestamp": 749,
            "X": 13.289999961853027,
            "Y": 61.709999084472656
        },
        {
            "Delta": 0,
            "EventType": "MouseMove",
            "Timestamp": 757,
            "X": 13.289999961853027,
            "Y": 61.5099983215332
        },
        {
            "Delta": 0,
            "EventType": "MouseMove",
            "Timestamp": 765,
            "X": 13.289999961853027,
            "Y": 61.40999984741211
        },
        {
            "Delta": 0,
            "EventType": "MouseMove",
            "Timestamp": 773,
            "X": 13.289999961853027,
            "Y": 61.099998474121094
        },
        {
            "Delta": 0,
            "EventType": "MouseMove",
            "Timestamp": 781,
            "X": 13.289999961853027,
            "Y": 61
        },
        {
            "Delta": 0,
            "EventType": "MouseMove",
            "Timestamp": 789,
            "X": 13.289999961853027,
            "Y": 60.900001525878906
        },
        {
            "Delta": 0,
            "EventType": "MouseMove",
            "Timestamp": 797,
            "X": 13.289999961853027,
            "Y": 60.689998626708984
        },
        {
            "Delta": 0,
            "EventType": "MouseMove",
            "Timestamp": 813,
            "X": 13.289999961853027,
            "Y": 60.4900016784668
        },
        {
            "Delta": 0,
            "EventType": "MouseMove",
            "Timestamp": 821,
            "X": 13.289999961853027,
            "Y": 60.18000030517578
        },
        {
            "Delta": 0,
            "EventType": "MouseMove",
            "Timestamp": 829,
            "X": 13.289999961853027,
            "Y": 59.970001220703125
        },
        {
            "Delta": 0,
            "EventType": "MouseMove",
            "Timestamp": 837,
            "X": 13.289999961853027,
            "Y": 59.66999816894531
        },
        {
            "Delta": 0,
            "EventType": "MouseMove",
            "Timestamp": 845,
            "X": 13.289999961853027,
            "Y": 59.459999084472656
        },
        {
            "Delta": 0,
            "EventType": "MouseMove",
            "Timestamp": 853,
            "X": 13.289999961853027,
            "Y": 59.36000061035156
        },
        {
            "Delta": 0,
            "EventType": "MouseMove",
            "Timestamp": 861,
            "X": 13.109999656677246,
            "Y": 59.2599983215332
        },
        {
            "Delta": 0,
            "EventType": "MouseMove",
            "Timestamp": 869,
            "X": 13.109999656677246,
            "Y": 59.04999923706055
        },
        {
            "Delta": 0,
            "EventType": "MouseMove",
            "Timestamp": 877,
            "X": 13.109999656677246,
            "Y": 58.849998474121094
        },
        {
            "Delta": 0,
            "EventType": "MouseMove",
            "Timestamp": 886,
            "X": 13.109999656677246,
            "Y": 58.75
        },
        {
            "Delta": 0,
            "EventType": "MouseMove",
            "Timestamp": 893,
            "X": 13.109999656677246,
            "Y": 58.540000915527344
        },
        {
            "Delta": 0,
            "EventType": "MouseMove",
            "Timestamp": 901,
            "X": 13.109999656677246,
            "Y": 58.34000015258789
        },
        {
            "Delta": 0,
            "EventType": "MouseMove",
            "Timestamp": 910,
            "X": 13.109999656677246,
            "Y": 58.22999954223633
        },
        {
            "Delta": 0,
            "EventType": "MouseMove",
            "Timestamp": 918,
            "X": 13.109999656677246,
            "Y": 57.93000030517578
        },
        {
            "Delta": 0,
            "EventType": "MouseMove",
            "Timestamp": 925,
            "X": 13.109999656677246,
            "Y": 57.720001220703125
        },
        {
            "Delta": 0,
            "EventType": "MouseMove",
            "Timestamp": 933,
            "X": 13.109999656677246,
            "Y": 57.310001373291016
        },
        {
            "Delta": 0,
            "EventType": "MouseMove",
            "Timestamp": 941,
            "X": 13.109999656677246,
            "Y": 57.11000061035156
        },
        {
            "Delta": 0,
            "EventType": "MouseMove",
            "Timestamp": 949,
            "X": 13.109999656677246,
            "Y": 57.0099983215332
        },
        {
            "Delta": 0,
            "EventType": "MouseMove",
            "Timestamp": 957,
            "X": 13.109999656677246,
            "Y": 56.79999923706055
        },
        {
            "Delta": 0,
            "EventType": "MouseMove",
            "Timestamp": 965,
            "X": 13.109999656677246,
            "Y": 56.599998474121094
        },
        {
            "Delta": 0,
            "EventType": "MouseMove",
            "Timestamp": 973,
            "X": 13.109999656677246,
            "Y": 56.4900016784668
        },
        {
            "Delta": 0,
            "EventType": "MouseMove",
            "Timestamp": 981,
            "X": 13.109999656677246,
            "Y": 56.38999938964844
        },
        {
            "Delta": 0,
            "EventType": "MouseMove",
            "Timestamp": 989,
            "X": 13.109999656677246,
            "Y": 56.290000915527344
        },
        {
            "Delta": 0,
            "EventType": "MouseMove",
            "Timestamp": 997,
            "X": 13.289999961853027,
            "Y": 56.189998626708984
        },
        {
            "Delta": 0,
            "EventType": "MouseMove",
            "Timestamp": 1005,
            "X": 13.289999961853027,
            "Y": 56.09000015258789
        },
        {
            "Delta": 0,
            "EventType": "MouseMove",
            "Timestamp": 1013,
            "X": 13.289999961853027,
            "Y": 55.97999954223633
        },
        {
            "Delta": 0,
            "EventType": "MouseMove",
            "Timestamp": 1021,
            "X": 13.289999961853027,
            "Y": 55.880001068115234
        },
        {
            "Delta": 0,
            "EventType": "MouseMove",
            "Timestamp": 1029,
            "X": 13.289999961853027,
            "Y": 55.779998779296875
        },
        {
            "Delta": 0,
            "EventType": "MouseMove",
            "Timestamp": 1037,
            "X": 13.289999961853027,
            "Y": 55.68000030517578
        },
        {
            "Delta": 0,
            "EventType": "MouseMove",
            "Timestamp": 1045,
            "X": 13.289999961853027,
            "Y": 55.56999969482422
        },
        {
            "Delta": 0,
            "EventType": "MouseMove",
            "Timestamp": 1053,
            "X": 13.289999961853027,
            "Y": 55.369998931884766
        },
        {
            "Delta": 0,
            "EventType": "MouseMove",
            "Timestamp": 1061,
            "X": 13.289999961853027,
            "Y": 55.27000045776367
        },
        {
            "Delta": 0,
            "EventType": "MouseMove",
            "Timestamp": 1069,
            "X": 13.289999961853027,
            "Y": 55.15999984741211
        },
        {
            "Delta": 0,
            "EventType": "MouseMove",
            "Timestamp": 1077,
            "X": 13.289999961853027,
            "Y": 55.060001373291016
        },
        {
            "Delta": 0,
            "EventType": "MouseUp",
            "Timestamp": 1243,
            "X": 13.289999961853027,
            "Y": 55.060001373291016
        }
    ],
    "LoopDuration": 0,
    "LoopInterval": 0,
    "LoopIterations": 1,
    "LoopType": "TillLoopNumber",
    "MacroSchemaVersion": 3,
    "MergeConfigurations": [
    ],
    "RestartPlayer": false,
    "RestartPlayerAfterMinutes": 60,
    "Shortcut": "Ctrl + Q",
    "StopOnHomeScreen": false
}
