{
    "Acceleration": 5,
    "CreationTime": "20231130T171401",
    "DoNotShowWindowOnFinish": false,
    "Events": [
        {
            "Delta": 0,
            "EventType": "MouseDown",
            "Timestamp": 694,
            "X": 30.600000381469727,
            "Y": 55.060001373291016
        },
        {
            "Delta": 0,
            "EventType": "MouseMove",
            "Timestamp": 749,
            "X": 30.600000381469727,
            "Y": 54.959999084472656
        },
        {
            "Delta": 0,
            "EventType": "MouseMove",
            "Timestamp": 757,
            "X": 30.600000381469727,
            "Y": 54.75
        },
        {
            "Delta": 0,
            "EventType": "MouseMove",
            "Timestamp": 765,
            "X": 30.600000381469727,
            "Y": 54.54999923706055
        },
        {
            "Delta": 0,
            "EventType": "MouseMove",
            "Timestamp": 773,
            "X": 30.600000381469727,
            "Y": 54.13999938964844
        },
        {
            "Delta": 0,
            "EventType": "MouseMove",
            "Timestamp": 781,
            "X": 30.600000381469727,
            "Y": 53.72999954223633
        },
        {
            "Delta": 0,
            "EventType": "MouseMove",
            "Timestamp": 789,
            "X": 30.600000381469727,
            "Y": 53.41999816894531
        },
        {
            "Delta": 0,
            "EventType": "MouseMove",
            "Timestamp": 798,
            "X": 30.780000686645508,
            "Y": 53.220001220703125
        },
        {
            "Delta": 0,
            "EventType": "MouseMove",
            "Timestamp": 805,
            "X": 30.780000686645508,
            "Y": 53.119998931884766
        },
        {
            "Delta": 0,
            "EventType": "MouseMove",
            "Timestamp": 813,
            "X": 30.780000686645508,
            "Y": 52.90999984741211
        },
        {
            "Delta": 0,
            "EventType": "MouseMove",
            "Timestamp": 822,
            "X": 30.780000686645508,
            "Y": 52.709999084472656
        },
        {
            "Delta": 0,
            "EventType": "MouseMove",
            "Timestamp": 829,
            "X": 30.780000686645508,
            "Y": 52.61000061035156
        },
        {
            "Delta": 0,
            "EventType": "MouseMove",
            "Timestamp": 837,
            "X": 30.780000686645508,
            "Y": 52.5
        },
        {
            "Delta": 0,
            "EventType": "MouseMove",
            "Timestamp": 845,
            "X": 30.780000686645508,
            "Y": 52.29999923706055
        },
        {
            "Delta": 0,
            "EventType": "MouseMove",
            "Timestamp": 853,
            "X": 30.959999084472656,
            "Y": 51.9900016784668
        },
        {
            "Delta": 0,
            "EventType": "MouseMove",
            "Timestamp": 861,
            "X": 30.959999084472656,
            "Y": 51.790000915527344
        },
        {
            "Delta": 0,
            "EventType": "MouseMove",
            "Timestamp": 869,
            "X": 30.959999084472656,
            "Y": 51.380001068115234
        },
        {
            "Delta": 0,
            "EventType": "MouseMove",
            "Timestamp": 877,
            "X": 30.959999084472656,
            "Y": 51.16999816894531
        },
        {
            "Delta": 0,
            "EventType": "MouseMove",
            "Timestamp": 885,
            "X": 30.959999084472656,
            "Y": 51.06999969482422
        },
        {
            "Delta": 0,
            "EventType": "MouseMove",
            "Timestamp": 894,
            "X": 30.959999084472656,
            "Y": 50.7599983215332
        },
        {
            "Delta": 0,
            "EventType": "MouseMove",
            "Timestamp": 901,
            "X": 30.959999084472656,
            "Y": 50.65999984741211
        },
        {
            "Delta": 0,
            "EventType": "MouseMove",
            "Timestamp": 909,
            "X": 30.959999084472656,
            "Y": 50.560001373291016
        },
        {
            "Delta": 0,
            "EventType": "MouseMove",
            "Timestamp": 917,
            "X": 30.959999084472656,
            "Y": 50.459999084472656
        },
        {
            "Delta": 0,
            "EventType": "MouseMove",
            "Timestamp": 925,
            "X": 30.959999084472656,
            "Y": 50.25
        },
        {
            "Delta": 0,
            "EventType": "MouseMove",
            "Timestamp": 933,
            "X": 30.959999084472656,
            "Y": 50.150001525878906
        },
        {
            "Delta": 0,
            "EventType": "MouseMove",
            "Timestamp": 941,
            "X": 30.959999084472656,
            "Y": 50.04999923706055
        },
        {
            "Delta": 0,
            "EventType": "MouseMove",
            "Timestamp": 949,
            "X": 30.959999084472656,
            "Y": 49.939998626708984
        },
        {
            "Delta": 0,
            "EventType": "MouseMove",
            "Timestamp": 957,
            "X": 30.959999084472656,
            "Y": 49.63999938964844
        },
        {
            "Delta": 0,
            "EventType": "MouseMove",
            "Timestamp": 965,
            "X": 30.959999084472656,
            "Y": 49.529998779296875
        },
        {
            "Delta": 0,
            "EventType": "MouseMove",
            "Timestamp": 973,
            "X": 30.959999084472656,
            "Y": 49.43000030517578
        },
        {
            "Delta": 0,
            "EventType": "MouseMove",
            "Timestamp": 982,
            "X": 30.780000686645508,
            "Y": 49.33000183105469
        },
        {
            "Delta": 0,
            "EventType": "MouseMove",
            "Timestamp": 990,
            "X": 30.780000686645508,
            "Y": 49.22999954223633
        },
        {
            "Delta": 0,
            "EventType": "MouseMove",
            "Timestamp": 997,
            "X": 30.780000686645508,
            "Y": 49.02000045776367
        },
        {
            "Delta": 0,
            "EventType": "MouseMove",
            "Timestamp": 1005,
            "X": 30.780000686645508,
            "Y": 48.720001220703125
        },
        {
            "Delta": 0,
            "EventType": "MouseMove",
            "Timestamp": 1013,
            "X": 30.780000686645508,
            "Y": 48.61000061035156
        },
        {
            "Delta": 0,
            "EventType": "MouseMove",
            "Timestamp": 1021,
            "X": 30.780000686645508,
            "Y": 48.40999984741211
        },
        {
            "Delta": 0,
            "EventType": "MouseMove",
            "Timestamp": 1029,
            "X": 30.780000686645508,
            "Y": 48.310001373291016
        },
        {
            "Delta": 0,
            "EventType": "MouseMove",
            "Timestamp": 1037,
            "X": 30.780000686645508,
            "Y": 48.099998474121094
        },
        {
            "Delta": 0,
            "EventType": "MouseMove",
            "Timestamp": 1045,
            "X": 30.600000381469727,
            "Y": 48
        },
        {
            "Delta": 0,
            "EventType": "MouseMove",
            "Timestamp": 1053,
            "X": 30.600000381469727,
            "Y": 47.900001525878906
        },
        {
            "Delta": 0,
            "EventType": "MouseMove",
            "Timestamp": 1061,
            "X": 30.600000381469727,
            "Y": 47.59000015258789
        },
        {
            "Delta": 0,
            "EventType": "MouseMove",
            "Timestamp": 1069,
            "X": 30.600000381469727,
            "Y": 47.4900016784668
        },
        {
            "Delta": 0,
            "EventType": "MouseMove",
            "Timestamp": 1077,
            "X": 30.600000381469727,
            "Y": 47.380001068115234
        },
        {
            "Delta": 0,
            "EventType": "MouseMove",
            "Timestamp": 1085,
            "X": 30.600000381469727,
            "Y": 47.279998779296875
        },
        {
            "Delta": 0,
            "EventType": "MouseMove",
            "Timestamp": 1093,
            "X": 30.600000381469727,
            "Y": 47.18000030517578
        },
        {
            "Delta": 0,
            "EventType": "MouseMove",
            "Timestamp": 1109,
            "X": 30.600000381469727,
            "Y": 47.08000183105469
        },
        {
            "Delta": 0,
            "EventType": "MouseMove",
            "Timestamp": 1117,
            "X": 30.600000381469727,
            "Y": 46.97999954223633
        },
        {
            "Delta": 0,
            "EventType": "MouseMove",
            "Timestamp": 1124,
            "X": 30.600000381469727,
            "Y": 46.869998931884766
        },
        {
            "Delta": 0,
            "EventType": "MouseMove",
            "Timestamp": 1132,
            "X": 30.600000381469727,
            "Y": 46.77000045776367
        },
        {
            "Delta": 0,
            "EventType": "MouseMove",
            "Timestamp": 1140,
            "X": 30.600000381469727,
            "Y": 46.66999816894531
        },
        {
            "Delta": 0,
            "EventType": "MouseMove",
            "Timestamp": 1149,
            "X": 30.600000381469727,
            "Y": 46.56999969482422
        },
        {
            "Delta": 0,
            "EventType": "MouseMove",
            "Timestamp": 1156,
            "X": 30.600000381469727,
            "Y": 46.459999084472656
        },
        {
            "Delta": 0,
            "EventType": "MouseUp",
            "Timestamp": 1326,
            "X": 30.600000381469727,
            "Y": 46.459999084472656
        }
    ],
    "LoopDuration": 0,
    "LoopInterval": 0,
    "LoopIterations": 1,
    "LoopType": "TillLoopNumber",
    "MacroSchemaVersion": 3,
    "MergeConfigurations": [
    ],
    "RestartPlayer": false,
    "RestartPlayerAfterMinutes": 60,
    "Shortcut": "Ctrl + C",
    "StopOnHomeScreen": false
}
