{
    "Acceleration": 5,
    "CreationTime": "20231130T173020",
    "DoNotShowWindowOnFinish": false,
    "Events": [
        {
            "Delta": 0,
            "EventType": "MouseDown",
            "Timestamp": 820,
            "X": 13.470000267028809,
            "Y": 84.44000244140625
        },
        {
            "Delta": 0,
            "EventType": "MouseMove",
            "Timestamp": 875,
            "X": 13.65999984741211,
            "Y": 84.44000244140625
        },
        {
            "Delta": 0,
            "EventType": "MouseMove",
            "Timestamp": 900,
            "X": 14.020000457763672,
            "Y": 84.44000244140625
        },
        {
            "Delta": 0,
            "EventType": "MouseMove",
            "Timestamp": 908,
            "X": 14.199999809265137,
            "Y": 84.44000244140625
        },
        {
            "Delta": 0,
            "EventType": "MouseMove",
            "Timestamp": 916,
            "X": 14.380000114440918,
            "Y": 84.44000244140625
        },
        {
            "Delta": 0,
            "EventType": "MouseMove",
            "Timestamp": 924,
            "X": 14.75,
            "Y": 84.44000244140625
        },
        {
            "Delta": 0,
            "EventType": "MouseMove",
            "Timestamp": 932,
            "X": 15.109999656677246,
            "Y": 84.44000244140625
        },
        {
            "Delta": 0,
            "EventType": "MouseMove",
            "Timestamp": 940,
            "X": 15.65999984741211,
            "Y": 84.44000244140625
        },
        {
            "Delta": 0,
            "EventType": "MouseMove",
            "Timestamp": 948,
            "X": 16.020000457763672,
            "Y": 84.44000244140625
        },
        {
            "Delta": 0,
            "EventType": "MouseMove",
            "Timestamp": 956,
            "X": 16.75,
            "Y": 84.33000183105469
        },
        {
            "Delta": 0,
            "EventType": "MouseMove",
            "Timestamp": 964,
            "X": 16.93000030517578,
            "Y": 84.33000183105469
        },
        {
            "Delta": 0,
            "EventType": "MouseMove",
            "Timestamp": 972,
            "X": 17.479999542236328,
            "Y": 84.33000183105469
        },
        {
            "Delta": 0,
            "EventType": "MouseMove",
            "Timestamp": 979,
            "X": 17.850000381469727,
            "Y": 84.33000183105469
        },
        {
            "Delta": 0,
            "EventType": "MouseMove",
            "Timestamp": 987,
            "X": 18.209999084472656,
            "Y": 84.33000183105469
        },
        {
            "Delta": 0,
            "EventType": "MouseMove",
            "Timestamp": 995,
            "X": 18.760000228881836,
            "Y": 84.33000183105469
        },
        {
            "Delta": 0,
            "EventType": "MouseMove",
            "Timestamp": 1003,
            "X": 19.1200008392334,
            "Y": 84.33000183105469
        },
        {
            "Delta": 0,
            "EventType": "MouseMove",
            "Timestamp": 1011,
            "X": 19.670000076293945,
            "Y": 84.33000183105469
        },
        {
            "Delta": 0,
            "EventType": "MouseMove",
            "Timestamp": 1019,
            "X": 20.030000686645508,
            "Y": 84.33000183105469
        },
        {
            "Delta": 0,
            "EventType": "MouseMove",
            "Timestamp": 1027,
            "X": 20.760000228881836,
            "Y": 84.33000183105469
        },
        {
            "Delta": 0,
            "EventType": "MouseMove",
            "Timestamp": 1035,
            "X": 21.309999465942383,
            "Y": 84.33000183105469
        },
        {
            "Delta": 0,
            "EventType": "MouseMove",
            "Timestamp": 1043,
            "X": 22.040000915527344,
            "Y": 84.33000183105469
        },
        {
            "Delta": 0,
            "EventType": "MouseMove",
            "Timestamp": 1051,
            "X": 22.950000762939453,
            "Y": 84.33000183105469
        },
        {
            "Delta": 0,
            "EventType": "MouseMove",
            "Timestamp": 1059,
            "X": 23.489999771118164,
            "Y": 84.33000183105469
        },
        {
            "Delta": 0,
            "EventType": "MouseMove",
            "Timestamp": 1067,
            "X": 23.860000610351562,
            "Y": 84.33000183105469
        },
        {
            "Delta": 0,
            "EventType": "MouseMove",
            "Timestamp": 1076,
            "X": 24.219999313354492,
            "Y": 84.33000183105469
        },
        {
            "Delta": 0,
            "EventType": "MouseMove",
            "Timestamp": 1084,
            "X": 24.399999618530273,
            "Y": 84.33000183105469
        },
        {
            "Delta": 0,
            "EventType": "MouseMove",
            "Timestamp": 1092,
            "X": 24.950000762939453,
            "Y": 84.33000183105469
        },
        {
            "Delta": 0,
            "EventType": "MouseMove",
            "Timestamp": 1100,
            "X": 25.309999465942383,
            "Y": 84.33000183105469
        },
        {
            "Delta": 0,
            "EventType": "MouseMove",
            "Timestamp": 1108,
            "X": 25.68000030517578,
            "Y": 84.33000183105469
        },
        {
            "Delta": 0,
            "EventType": "MouseMove",
            "Timestamp": 1116,
            "X": 26.040000915527344,
            "Y": 84.33000183105469
        },
        {
            "Delta": 0,
            "EventType": "MouseMove",
            "Timestamp": 1124,
            "X": 26.40999984741211,
            "Y": 84.33000183105469
        },
        {
            "Delta": 0,
            "EventType": "MouseMove",
            "Timestamp": 1132,
            "X": 26.59000015258789,
            "Y": 84.33000183105469
        },
        {
            "Delta": 0,
            "EventType": "MouseMove",
            "Timestamp": 1140,
            "X": 26.950000762939453,
            "Y": 84.33000183105469
        },
        {
            "Delta": 0,
            "EventType": "MouseMove",
            "Timestamp": 1148,
            "X": 27.139999389648438,
            "Y": 84.33000183105469
        },
        {
            "Delta": 0,
            "EventType": "MouseMove",
            "Timestamp": 1156,
            "X": 27.31999969482422,
            "Y": 84.33000183105469
        },
        {
            "Delta": 0,
            "EventType": "MouseMove",
            "Timestamp": 1163,
            "X": 27.5,
            "Y": 84.33000183105469
        },
        {
            "Delta": 0,
            "EventType": "MouseMove",
            "Timestamp": 1171,
            "X": 27.68000030517578,
            "Y": 84.33000183105469
        },
        {
            "Delta": 0,
            "EventType": "MouseMove",
            "Timestamp": 1179,
            "X": 27.860000610351562,
            "Y": 84.33000183105469
        },
        {
            "Delta": 0,
            "EventType": "MouseMove",
            "Timestamp": 1188,
            "X": 28.229999542236328,
            "Y": 84.33000183105469
        },
        {
            "Delta": 0,
            "EventType": "MouseMove",
            "Timestamp": 1204,
            "X": 28.40999984741211,
            "Y": 84.33000183105469
        },
        {
            "Delta": 0,
            "EventType": "MouseMove",
            "Timestamp": 1212,
            "X": 28.770000457763672,
            "Y": 84.54000091552734
        },
        {
            "Delta": 0,
            "EventType": "MouseMove",
            "Timestamp": 1220,
            "X": 28.959999084472656,
            "Y": 84.54000091552734
        },
        {
            "Delta": 0,
            "EventType": "MouseMove",
            "Timestamp": 1236,
            "X": 29.139999389648438,
            "Y": 84.54000091552734
        },
        {
            "Delta": 0,
            "EventType": "MouseMove",
            "Timestamp": 1244,
            "X": 29.31999969482422,
            "Y": 84.54000091552734
        },
        {
            "Delta": 0,
            "EventType": "MouseMove",
            "Timestamp": 1268,
            "X": 29.5,
            "Y": 84.54000091552734
        },
        {
            "Delta": 0,
            "EventType": "MouseMove",
            "Timestamp": 1284,
            "X": 29.690000534057617,
            "Y": 84.54000091552734
        },
        {
            "Delta": 0,
            "EventType": "MouseMove",
            "Timestamp": 1300,
            "X": 29.8700008392334,
            "Y": 84.54000091552734
        },
        {
            "Delta": 0,
            "EventType": "MouseMove",
            "Timestamp": 1308,
            "X": 30.049999237060547,
            "Y": 84.54000091552734
        },
        {
            "Delta": 0,
            "EventType": "MouseMove",
            "Timestamp": 1324,
            "X": 30.229999542236328,
            "Y": 84.54000091552734
        },
        {
            "Delta": 0,
            "EventType": "MouseMove",
            "Timestamp": 1387,
            "X": 30.600000381469727,
            "Y": 84.54000091552734
        },
        {
            "Delta": 0,
            "EventType": "MouseMove",
            "Timestamp": 1460,
            "X": 30.780000686645508,
            "Y": 84.54000091552734
        },
        {
            "Delta": 0,
            "EventType": "MouseUp",
            "Timestamp": 1556,
            "X": 30.780000686645508,
            "Y": 84.54000091552734
        }
    ],
    "LoopDuration": 0,
    "LoopInterval": 0,
    "LoopIterations": 1,
    "LoopType": "TillLoopNumber",
    "MacroSchemaVersion": 3,
    "MergeConfigurations": [
    ],
    "RestartPlayer": false,
    "RestartPlayerAfterMinutes": 60,
    "Shortcut": "Alt + P",
    "StopOnHomeScreen": false
}
