{
    "Acceleration": 5,
    "CreationTime": "20231130T173129",
    "DoNotShowWindowOnFinish": false,
    "Events": [
        {
            "Delta": 0,
            "EventType": "MouseDown",
            "Timestamp": 803,
            "X": 30.959999084472656,
            "Y": 84.12999725341797
        },
        {
            "Delta": 0,
            "EventType": "MouseMove",
            "Timestamp": 908,
            "X": 31.31999969482422,
            "Y": 84.12999725341797
        },
        {
            "Delta": 0,
            "EventType": "MouseMove",
            "Timestamp": 916,
            "X": 31.8700008392334,
            "Y": 84.12999725341797
        },
        {
            "Delta": 0,
            "EventType": "MouseMove",
            "Timestamp": 923,
            "X": 32.2400016784668,
            "Y": 83.93000030517578
        },
        {
            "Delta": 0,
            "EventType": "MouseMove",
            "Timestamp": 931,
            "X": 32.959999084472656,
            "Y": 83.93000030517578
        },
        {
            "Delta": 0,
            "EventType": "MouseMove",
            "Timestamp": 939,
            "X": 33.689998626708984,
            "Y": 83.93000030517578
        },
        {
            "Delta": 0,
            "EventType": "MouseMove",
            "Timestamp": 947,
            "X": 34.41999816894531,
            "Y": 83.93000030517578
        },
        {
            "Delta": 0,
            "EventType": "MouseMove",
            "Timestamp": 955,
            "X": 34.970001220703125,
            "Y": 83.93000030517578
        },
        {
            "Delta": 0,
            "EventType": "MouseMove",
            "Timestamp": 963,
            "X": 35.70000076293945,
            "Y": 83.93000030517578
        },
        {
            "Delta": 0,
            "EventType": "MouseMove",
            "Timestamp": 971,
            "X": 36.060001373291016,
            "Y": 83.93000030517578
        },
        {
            "Delta": 0,
            "EventType": "MouseMove",
            "Timestamp": 979,
            "X": 36.2400016784668,
            "Y": 83.93000030517578
        },
        {
            "Delta": 0,
            "EventType": "MouseMove",
            "Timestamp": 987,
            "X": 36.61000061035156,
            "Y": 83.93000030517578
        },
        {
            "Delta": 0,
            "EventType": "MouseMove",
            "Timestamp": 995,
            "X": 36.790000915527344,
            "Y": 83.93000030517578
        },
        {
            "Delta": 0,
            "EventType": "MouseMove",
            "Timestamp": 1003,
            "X": 37.150001525878906,
            "Y": 83.93000030517578
        },
        {
            "Delta": 0,
            "EventType": "MouseMove",
            "Timestamp": 1011,
            "X": 37.34000015258789,
            "Y": 83.93000030517578
        },
        {
            "Delta": 0,
            "EventType": "MouseMove",
            "Timestamp": 1019,
            "X": 37.70000076293945,
            "Y": 83.93000030517578
        },
        {
            "Delta": 0,
            "EventType": "MouseMove",
            "Timestamp": 1027,
            "X": 37.880001068115234,
            "Y": 83.93000030517578
        },
        {
            "Delta": 0,
            "EventType": "MouseMove",
            "Timestamp": 1035,
            "X": 38.25,
            "Y": 83.93000030517578
        },
        {
            "Delta": 0,
            "EventType": "MouseMove",
            "Timestamp": 1043,
            "X": 38.43000030517578,
            "Y": 83.93000030517578
        },
        {
            "Delta": 0,
            "EventType": "MouseMove",
            "Timestamp": 1051,
            "X": 38.970001220703125,
            "Y": 83.93000030517578
        },
        {
            "Delta": 0,
            "EventType": "MouseMove",
            "Timestamp": 1059,
            "X": 39.15999984741211,
            "Y": 83.93000030517578
        },
        {
            "Delta": 0,
            "EventType": "MouseMove",
            "Timestamp": 1067,
            "X": 39.52000045776367,
            "Y": 83.93000030517578
        },
        {
            "Delta": 0,
            "EventType": "MouseMove",
            "Timestamp": 1076,
            "X": 39.88999938964844,
            "Y": 83.93000030517578
        },
        {
            "Delta": 0,
            "EventType": "MouseMove",
            "Timestamp": 1084,
            "X": 40.43000030517578,
            "Y": 83.93000030517578
        },
        {
            "Delta": 0,
            "EventType": "MouseMove",
            "Timestamp": 1092,
            "X": 40.79999923706055,
            "Y": 83.93000030517578
        },
        {
            "Delta": 0,
            "EventType": "MouseMove",
            "Timestamp": 1100,
            "X": 40.97999954223633,
            "Y": 83.93000030517578
        },
        {
            "Delta": 0,
            "EventType": "MouseMove",
            "Timestamp": 1108,
            "X": 41.15999984741211,
            "Y": 83.93000030517578
        },
        {
            "Delta": 0,
            "EventType": "MouseMove",
            "Timestamp": 1116,
            "X": 41.529998779296875,
            "Y": 83.93000030517578
        },
        {
            "Delta": 0,
            "EventType": "MouseMove",
            "Timestamp": 1124,
            "X": 41.88999938964844,
            "Y": 83.93000030517578
        },
        {
            "Delta": 0,
            "EventType": "MouseMove",
            "Timestamp": 1140,
            "X": 42.06999969482422,
            "Y": 83.93000030517578
        },
        {
            "Delta": 0,
            "EventType": "MouseMove",
            "Timestamp": 1148,
            "X": 42.25,
            "Y": 83.93000030517578
        },
        {
            "Delta": 0,
            "EventType": "MouseMove",
            "Timestamp": 1156,
            "X": 42.439998626708984,
            "Y": 83.93000030517578
        },
        {
            "Delta": 0,
            "EventType": "MouseMove",
            "Timestamp": 1164,
            "X": 42.619998931884766,
            "Y": 83.93000030517578
        },
        {
            "Delta": 0,
            "EventType": "MouseMove",
            "Timestamp": 1171,
            "X": 42.79999923706055,
            "Y": 83.93000030517578
        },
        {
            "Delta": 0,
            "EventType": "MouseMove",
            "Timestamp": 1179,
            "X": 42.97999954223633,
            "Y": 83.93000030517578
        },
        {
            "Delta": 0,
            "EventType": "MouseMove",
            "Timestamp": 1187,
            "X": 43.15999984741211,
            "Y": 83.93000030517578
        },
        {
            "Delta": 0,
            "EventType": "MouseMove",
            "Timestamp": 1195,
            "X": 43.529998779296875,
            "Y": 83.93000030517578
        },
        {
            "Delta": 0,
            "EventType": "MouseMove",
            "Timestamp": 1203,
            "X": 43.709999084472656,
            "Y": 83.93000030517578
        },
        {
            "Delta": 0,
            "EventType": "MouseMove",
            "Timestamp": 1211,
            "X": 44.2599983215332,
            "Y": 83.93000030517578
        },
        {
            "Delta": 0,
            "EventType": "MouseMove",
            "Timestamp": 1219,
            "X": 44.439998626708984,
            "Y": 83.93000030517578
        },
        {
            "Delta": 0,
            "EventType": "MouseMove",
            "Timestamp": 1227,
            "X": 44.619998931884766,
            "Y": 83.93000030517578
        },
        {
            "Delta": 0,
            "EventType": "MouseMove",
            "Timestamp": 1235,
            "X": 44.79999923706055,
            "Y": 83.93000030517578
        },
        {
            "Delta": 0,
            "EventType": "MouseMove",
            "Timestamp": 1243,
            "X": 45.16999816894531,
            "Y": 83.93000030517578
        },
        {
            "Delta": 0,
            "EventType": "MouseMove",
            "Timestamp": 1251,
            "X": 45.349998474121094,
            "Y": 83.93000030517578
        },
        {
            "Delta": 0,
            "EventType": "MouseMove",
            "Timestamp": 1259,
            "X": 45.529998779296875,
            "Y": 83.93000030517578
        },
        {
            "Delta": 0,
            "EventType": "MouseMove",
            "Timestamp": 1267,
            "X": 45.709999084472656,
            "Y": 83.93000030517578
        },
        {
            "Delta": 0,
            "EventType": "MouseMove",
            "Timestamp": 1276,
            "X": 45.900001525878906,
            "Y": 83.93000030517578
        },
        {
            "Delta": 0,
            "EventType": "MouseMove",
            "Timestamp": 1283,
            "X": 46.439998626708984,
            "Y": 83.93000030517578
        },
        {
            "Delta": 0,
            "EventType": "MouseMove",
            "Timestamp": 1292,
            "X": 46.810001373291016,
            "Y": 83.93000030517578
        },
        {
            "Delta": 0,
            "EventType": "MouseMove",
            "Timestamp": 1308,
            "X": 46.9900016784668,
            "Y": 83.93000030517578
        },
        {
            "Delta": 0,
            "EventType": "MouseMove",
            "Timestamp": 1316,
            "X": 47.16999816894531,
            "Y": 83.93000030517578
        },
        {
            "Delta": 0,
            "EventType": "MouseMove",
            "Timestamp": 1324,
            "X": 47.349998474121094,
            "Y": 83.93000030517578
        },
        {
            "Delta": 0,
            "EventType": "MouseMove",
            "Timestamp": 1331,
            "X": 47.540000915527344,
            "Y": 83.93000030517578
        },
        {
            "Delta": 0,
            "EventType": "MouseMove",
            "Timestamp": 1340,
            "X": 47.720001220703125,
            "Y": 83.93000030517578
        },
        {
            "Delta": 0,
            "EventType": "MouseMove",
            "Timestamp": 1348,
            "X": 48.2599983215332,
            "Y": 83.93000030517578
        },
        {
            "Delta": 0,
            "EventType": "MouseMove",
            "Timestamp": 1356,
            "X": 48.45000076293945,
            "Y": 83.93000030517578
        },
        {
            "Delta": 0,
            "EventType": "MouseMove",
            "Timestamp": 1365,
            "X": 48.630001068115234,
            "Y": 83.93000030517578
        },
        {
            "Delta": 0,
            "EventType": "MouseMove",
            "Timestamp": 1372,
            "X": 48.810001373291016,
            "Y": 83.93000030517578
        },
        {
            "Delta": 0,
            "EventType": "MouseUp",
            "Timestamp": 1528,
            "X": 48.810001373291016,
            "Y": 83.93000030517578
        }
    ],
    "LoopDuration": 0,
    "LoopInterval": 0,
    "LoopIterations": 1,
    "LoopType": "TillLoopNumber",
    "MacroSchemaVersion": 3,
    "MergeConfigurations": [
    ],
    "RestartPlayer": false,
    "RestartPlayerAfterMinutes": 60,
    "Shortcut": "Alt + S",
    "StopOnHomeScreen": false
}
